target_name,accession,tlen,query_name,query_accession,qlen,E-value,score...8,bias...9,#,of,c-Evalue,i-Evalue,score...14,bias...15,hmm_from,hmm_to,ali_from,ali_to,env_from,env_to,acc,description
N-glycanase_C,PF09113,137,DTR_432913_3,-,829,0.042,13.8,0.7,1,2,0.0022,7.6,6.5,0.1,26,46,197,217,187,227,0.84,"Peptide-N-glycosidase F, C terminal"
N-glycanase_C,PF09113,137,DTR_432913_3,-,829,0.042,13.8,0.7,2,2,0.0088,31,4.5,0.1,10,42,267,296,256,331,0.75,"Peptide-N-glycosidase F, C terminal"
DUF4465,PF14717,176,DTR_065957_23,-,215,0.03,15,0.6,1,1,4.6e-6,0.048,14.3,0.6,40,119,114,183,84,196,0.66,Domain of unknown function (DUF4465)
Pico_P1A,PF02226,68,DTR_133317_6,-,64,0.049,13.9,0,1,1,2.8e-6,0.057,13.7,0,29,55,33,59,20,62,0.89,Picornavirus coat protein (VP4)
zf-ZPR1,PF03367,162,DTR_886435_17,-,128,0.54,10.2,4,1,2,0.39,250,1.6,0.2,2,37,14,47,13,70,0.63,ZPR1 zinc-finger domain
zf-ZPR1,PF03367,162,DTR_886435_17,-,128,0.54,10.2,4,2,2,0.0012,0.74,9.8,0.5,2,39,83,126,82,127,0.69,ZPR1 zinc-finger domain
N-glycanase_C,PF09113,137,DTR_449712_3,-,829,0.043,13.8,0.7,1,2,0.0022,7.6,6.5,0.1,26,46,197,217,187,227,0.84,"Peptide-N-glycosidase F, C terminal"
N-glycanase_C,PF09113,137,DTR_449712_3,-,829,0.043,13.8,0.7,2,2,0.0088,31,4.5,0.1,10,42,267,296,256,331,0.75,"Peptide-N-glycosidase F, C terminal"
CBM64,PF18666,74,DTR_547442_10,-,190,0.07,13.4,0.1,1,3,1.1,7500,-2.7,0,52,64,8,20,4,25,0.72,Carbohydrate-binding module 64
CBM64,PF18666,74,DTR_547442_10,-,190,0.07,13.4,0.1,2,3,0.0086,59,4,0.1,41,72,69,100,51,102,0.91,Carbohydrate-binding module 64
CBM64,PF18666,74,DTR_547442_10,-,190,0.07,13.4,0.1,3,3,0.0013,9.2,6.6,0,32,64,122,154,103,162,0.81,Carbohydrate-binding module 64
PMI_typeI_cat,PF20511,143,DTR_236676_15,-,138,0.11,12.8,0.7,1,3,0.014,24,5.2,0,80,103,18,41,6,60,0.8,"Phosphomannose isomerase type I, catalytic domain"
PMI_typeI_cat,PF20511,143,DTR_236676_15,-,138,0.11,12.8,0.7,2,3,0.059,100,3.2,0,81,103,63,85,43,109,0.79,"Phosphomannose isomerase type I, catalytic domain"
PMI_typeI_cat,PF20511,143,DTR_236676_15,-,138,0.11,12.8,0.7,3,3,0.13,220,2.1,0,83,103,109,129,97,134,0.79,"Phosphomannose isomerase type I, catalytic domain"
Cupin_3,PF05899,74,DTR_305761_10,-,387,0.003,17.4,0.2,1,3,4.3e-4,2.2,8.2,0,28,66,47,82,26,85,0.82,EutQ-like cupin domain
Cupin_3,PF05899,74,DTR_305761_10,-,387,0.003,17.4,0.2,2,3,0.022,110,2.7,0,28,58,79,109,76,117,0.84,EutQ-like cupin domain
Cupin_3,PF05899,74,DTR_305761_10,-,387,0.003,17.4,0.2,3,3,0.01,52,3.8,0,31,56,190,213,187,225,0.83,EutQ-like cupin domain
P2_N,PF18628,127,DTR_266119_18,-,272,4.9000000000000005e-27,94.5,0.1,1,2,9.7e-29,2e-24,86,0,4,127,8,136,5,136,0.95,Viral coat protein P2 N-terminal domain
P2_N,PF18628,127,DTR_266119_18,-,272,4.9000000000000005e-27,94.5,0.1,2,2,3.8e-4,8,6.5,0,22,64,169,206,149,227,0.85,Viral coat protein P2 N-terminal domain
N-glycanase_C,PF09113,137,DTR_103718_3,-,829,0.042,13.8,0.7,1,2,0.0018,7.6,6.5,0.1,26,46,197,217,187,227,0.84,"Peptide-N-glycosidase F, C terminal"
N-glycanase_C,PF09113,137,DTR_103718_3,-,829,0.042,13.8,0.7,2,2,0.0073,31,4.5,0.1,10,42,267,296,256,331,0.75,"Peptide-N-glycosidase F, C terminal"
Pico_P1A,PF02226,68,DTR_851643_12,-,312,0.11,12.8,0.2,1,2,3.8e-4,2.6,8.4,0.1,11,38,67,94,60,105,0.86,Picornavirus coat protein (VP4)
Pico_P1A,PF02226,68,DTR_851643_12,-,312,0.11,12.8,0.2,2,2,0.042,290,1.8,0,8,28,132,152,127,154,0.86,Picornavirus coat protein (VP4)
N-glycanase_C,PF09113,137,DTR_851373_15,-,829,0.042,13.8,0.7,1,2,0.0022,7.6,6.5,0.1,26,46,197,217,187,227,0.84,"Peptide-N-glycosidase F, C terminal"
N-glycanase_C,PF09113,137,DTR_851373_15,-,829,0.042,13.8,0.7,2,2,0.0088,31,4.5,0.1,10,42,267,296,256,331,0.75,"Peptide-N-glycosidase F, C terminal"
N-glycanase_C,PF09113,137,DTR_862930_15,-,829,0.042,13.8,0.7,1,2,0.0018,7.6,6.5,0.1,26,46,197,217,187,227,0.84,"Peptide-N-glycosidase F, C terminal"
N-glycanase_C,PF09113,137,DTR_862930_15,-,829,0.042,13.8,0.7,2,2,0.0073,31,4.5,0.1,10,42,267,296,256,331,0.75,"Peptide-N-glycosidase F, C terminal"
Adeno_hexon_C,PF03678,241,DTR_009104_12,-,109,0.025,14.2,0,1,1,1.5e-6,0.032,13.9,0,121,152,6,37,1,45,0.86,"Hexon, adenovirus major coat protein, C-terminal domain"
Thioredoxin_10,PF17991,142,DTR_663535_11,-,502,1.2e-4,22.8,0.1,1,2,1e-7,0.0021,18.8,0,56,132,236,311,230,315,0.9,Thioredoxin like C-terminal domain
Thioredoxin_10,PF17991,142,DTR_663535_11,-,502,1.2e-4,22.8,0.1,2,2,0.023,490,1.4,0,43,82,346,382,340,391,0.87,Thioredoxin like C-terminal domain
N-glycanase_C,PF09113,137,DTR_772781_15,-,829,0.042,13.8,0.7,1,2,0.0026,7.6,6.5,0.1,26,46,197,217,187,227,0.84,"Peptide-N-glycosidase F, C terminal"
N-glycanase_C,PF09113,137,DTR_772781_15,-,829,0.042,13.8,0.7,2,2,0.01,31,4.5,0.1,10,42,267,296,256,331,0.75,"Peptide-N-glycosidase F, C terminal"
Thioredoxin_10,PF17991,142,DTR_441307_19,-,510,0.0036,18,0,1,2,1.1e-6,0.012,16.4,0,57,132,245,319,238,323,0.88,Thioredoxin like C-terminal domain
Thioredoxin_10,PF17991,142,DTR_441307_19,-,510,0.0036,18,0,2,2,0.67,6900,-2.3,0,43,79,354,387,351,396,0.81,Thioredoxin like C-terminal domain
GalBD_like,PF17974,190,DTR_179721_19,-,214,0.012,15.8,0.1,1,2,0.012,250,1.7,0,41,68,9,36,5,41,0.89,Galactose-binding domain-like
GalBD_like,PF17974,190,DTR_179721_19,-,214,0.012,15.8,0.1,2,2,1e-5,0.21,11.7,0.1,120,170,139,189,137,204,0.92,Galactose-binding domain-like
N-glycanase_C,PF09113,137,DTR_797207_3,-,829,0.041,13.8,0.7,1,2,0.0026,7.6,6.5,0.1,26,46,197,217,187,227,0.84,"Peptide-N-glycosidase F, C terminal"
N-glycanase_C,PF09113,137,DTR_797207_3,-,829,0.041,13.8,0.7,2,2,0.01,31,4.5,0.1,10,42,267,296,256,331,0.75,"Peptide-N-glycosidase F, C terminal"
CBM64,PF18666,74,DTR_140865_29,-,147,0.13,12.6,1.1,1,1,1.8e-5,0.18,12.1,0.4,17,35,92,110,76,135,0.78,Carbohydrate-binding module 64
ArabFuran-catal,PF09206,315,DTR_171909_14,-,267,2.3e-8,33.8,0.2,1,2,1.1e-12,2.3e-8,33.8,0.2,15,86,28,96,21,109,0.89,"Alpha-L-arabinofuranosidase B, catalytic"
ArabFuran-catal,PF09206,315,DTR_171909_14,-,267,2.3e-8,33.8,0.2,2,2,0.13,2700,-2.6,0.2,52,63,217,228,184,264,0.5,"Alpha-L-arabinofuranosidase B, catalytic"
N-glycanase_C,PF09113,137,DTR_558690_3,-,829,0.055,13.4,0.6,1,2,0.0026,7.6,6.5,0.1,26,46,197,217,187,227,0.84,"Peptide-N-glycosidase F, C terminal"
N-glycanase_C,PF09113,137,DTR_558690_3,-,829,0.055,13.4,0.6,2,2,0.014,41,4.1,0,10,42,267,296,256,331,0.75,"Peptide-N-glycosidase F, C terminal"
DUF4621,PF15414,329,DTR_622422_23,-,133,0.13,11.4,0.1,1,1,6.5e-6,0.13,11.3,0.1,186,232,52,98,9,110,0.76,Protein of unknown function (DUF4621)
Thioredoxin_10,PF17991,142,DTR_478164_7,-,505,0.0017,19.1,0,1,2,4.8e-7,0.01,16.6,0,57,131,240,313,233,318,0.88,Thioredoxin like C-terminal domain
Thioredoxin_10,PF17991,142,DTR_478164_7,-,505,0.0017,19.1,0,2,2,0.096,2000,-0.6,0,43,82,349,385,345,393,0.85,Thioredoxin like C-terminal domain
N-glycanase_C,PF09113,137,DTR_834058_15,-,829,0.043,13.7,0.7,1,2,0.0018,7.6,6.5,0.1,26,46,197,217,187,227,0.84,"Peptide-N-glycosidase F, C terminal"
N-glycanase_C,PF09113,137,DTR_834058_15,-,829,0.043,13.7,0.7,2,2,0.0073,31,4.5,0.1,10,42,267,296,256,331,0.75,"Peptide-N-glycosidase F, C terminal"
Enas,PF13157,112,DTR_270354_1,-,45,0.057,13.7,0,1,1,2.8e-6,0.058,13.6,0,9,32,14,37,5,44,0.83,Endospore appendages
TGFb_propeptide,PF00688,242,DTR_249382_7,-,644,0.33,10.8,0,1,1,2.6e-5,0.54,10.1,0,106,140,243,275,198,285,0.79,TGF-beta propeptide
CBM64,PF18666,74,DTR_095461_1,-,190,0.07,13.4,0.1,1,3,1.1,7500,-2.7,0,52,64,8,20,4,25,0.72,Carbohydrate-binding module 64
CBM64,PF18666,74,DTR_095461_1,-,190,0.07,13.4,0.1,2,3,0.0086,59,4,0.1,41,72,69,100,51,102,0.91,Carbohydrate-binding module 64
CBM64,PF18666,74,DTR_095461_1,-,190,0.07,13.4,0.1,3,3,0.0013,9.2,6.6,0,32,64,122,154,103,162,0.81,Carbohydrate-binding module 64
P2_N,PF18628,127,DTR_265858_3,-,274,7.8e-24,84.1,0.6,1,2,2e-23,4.1e-19,68.9,0,5,124,9,137,6,142,0.81,Viral coat protein P2 N-terminal domain
P2_N,PF18628,127,DTR_265858_3,-,274,7.8e-24,84.1,0.6,2,2,3.3e-6,0.069,13.2,0.1,7,66,159,214,155,268,0.78,Viral coat protein P2 N-terminal domain
N-glycanase_C,PF09113,137,DTR_749646_15,-,829,0.043,13.7,0.7,1,2,0.0026,7.6,6.5,0.1,26,46,197,217,187,227,0.84,"Peptide-N-glycosidase F, C terminal"
N-glycanase_C,PF09113,137,DTR_749646_15,-,829,0.043,13.7,0.7,2,2,0.01,31,4.5,0.1,10,42,267,296,256,331,0.75,"Peptide-N-glycosidase F, C terminal"
CBM64,PF18666,74,DTR_826735_9,-,190,0.07,13.4,0.1,1,3,1.1,7500,-2.7,0,52,64,8,20,4,25,0.72,Carbohydrate-binding module 64
CBM64,PF18666,74,DTR_826735_9,-,190,0.07,13.4,0.1,2,3,0.0086,59,4,0.1,41,72,69,100,51,102,0.91,Carbohydrate-binding module 64
CBM64,PF18666,74,DTR_826735_9,-,190,0.07,13.4,0.1,3,3,0.0013,9.2,6.6,0,32,64,122,154,103,162,0.81,Carbohydrate-binding module 64
N-glycanase_C,PF09113,137,DTR_432888_15,-,829,0.042,13.8,0.7,1,2,0.0018,7.6,6.5,0.1,26,46,197,217,187,227,0.84,"Peptide-N-glycosidase F, C terminal"
N-glycanase_C,PF09113,137,DTR_432888_15,-,829,0.042,13.8,0.7,2,2,0.0073,31,4.5,0.1,10,42,267,296,256,331,0.75,"Peptide-N-glycosidase F, C terminal"
N-glycanase_C,PF09113,137,DTR_791673_3,-,829,0.043,13.8,0.7,1,2,0.0022,7.6,6.5,0.1,26,46,197,217,187,227,0.84,"Peptide-N-glycosidase F, C terminal"
N-glycanase_C,PF09113,137,DTR_791673_3,-,829,0.043,13.8,0.7,2,2,0.0088,31,4.5,0.1,10,42,267,296,256,331,0.75,"Peptide-N-glycosidase F, C terminal"
Nepo_coat_N,PF03689,91,DTR_233894_20,-,428,0.097,12.8,0.1,1,3,0.041,140,2.7,0,22,47,74,99,66,108,0.83,"Nepovirus coat protein, N-terminal domain"
Nepo_coat_N,PF03689,91,DTR_233894_20,-,428,0.097,12.8,0.1,2,3,0.0021,7.3,6.8,0,55,84,295,325,289,330,0.85,"Nepovirus coat protein, N-terminal domain"
Nepo_coat_N,PF03689,91,DTR_233894_20,-,428,0.097,12.8,0.1,3,3,1.9,6700,-2.7,0,52,87,338,373,337,375,0.79,"Nepovirus coat protein, N-terminal domain"
SP2,PF03014,205,DTR_283963_11,-,388,0.081,12.8,0,1,1,1.2e-5,0.13,12.1,0,52,105,256,311,246,317,0.79,Structural protein 2 nucleoplasmin-like domain
BclA_C,PF18573,128,DTR_890593_27,-,165,0.074,13.1,0.2,1,1,5.2e-6,0.11,12.6,0.2,43,107,78,143,28,155,0.85,BclA C-terminal domain
Glyco_hydro_65C,PF03633,62,DTR_748778_5,-,62,0.15,12,0,1,1,9.5e-6,0.2,11.6,0,18,49,11,42,9,53,0.8,"Glycosyl hydrolase family 65, C-terminal domain"
N-glycanase_C,PF09113,137,DTR_549652_3,-,829,0.042,13.8,0.7,1,2,0.0022,7.6,6.5,0.1,26,46,197,217,187,227,0.84,"Peptide-N-glycosidase F, C terminal"
N-glycanase_C,PF09113,137,DTR_549652_3,-,829,0.042,13.8,0.7,2,2,0.0088,31,4.5,0.1,10,42,267,296,256,331,0.75,"Peptide-N-glycosidase F, C terminal"
BclA_C,PF18573,128,DTR_349085_11,-,202,0.16,12,1.9,1,2,0.3,3100,-1.8,0,36,46,57,67,40,79,0.55,BclA C-terminal domain
BclA_C,PF18573,128,DTR_349085_11,-,202,0.16,12,1.9,2,2,2.8e-5,0.29,11.2,0.6,87,128,154,195,83,195,0.82,BclA C-terminal domain
N-glycanase_C,PF09113,137,DTR_505834_15,-,829,0.04,13.8,0.7,1,2,0.0028,7.2,6.5,0.1,26,46,197,217,187,227,0.84,"Peptide-N-glycosidase F, C terminal"
N-glycanase_C,PF09113,137,DTR_505834_15,-,829,0.04,13.8,0.7,2,2,0.012,31,4.5,0.1,10,42,267,296,256,331,0.75,"Peptide-N-glycosidase F, C terminal"
N-glycanase_C,PF09113,137,DTR_856558_3,-,832,0.045,13.7,0.7,1,2,0.0015,7.7,6.4,0.1,26,46,197,217,187,226,0.84,"Peptide-N-glycosidase F, C terminal"
N-glycanase_C,PF09113,137,DTR_856558_3,-,832,0.045,13.7,0.7,2,2,0.0059,31,4.5,0.1,10,42,267,296,256,331,0.75,"Peptide-N-glycosidase F, C terminal"
Cupin_3,PF05899,74,DTR_311102_9,-,387,0.003,17.4,0.2,1,3,4.3e-4,2.2,8.2,0,28,66,47,82,26,85,0.82,EutQ-like cupin domain
Cupin_3,PF05899,74,DTR_311102_9,-,387,0.003,17.4,0.2,2,3,0.022,110,2.7,0,28,58,79,109,76,117,0.84,EutQ-like cupin domain
Cupin_3,PF05899,74,DTR_311102_9,-,387,0.003,17.4,0.2,3,3,0.01,52,3.8,0,31,56,190,213,187,225,0.83,EutQ-like cupin domain
Thioredoxin_10,PF17991,142,DTR_405054_19,-,510,0.006,17.3,0.1,1,2,1.8e-6,0.019,15.7,0,57,132,245,319,238,323,0.88,Thioredoxin like C-terminal domain
Thioredoxin_10,PF17991,142,DTR_405054_19,-,510,0.006,17.3,0.1,2,2,0.67,6900,-2.3,0,43,79,354,387,351,396,0.81,Thioredoxin like C-terminal domain
Cupin_3,PF05899,74,DTR_309421_3,-,387,0.003,17.4,0.2,1,3,4.3e-4,2.2,8.2,0,28,66,47,82,26,85,0.82,EutQ-like cupin domain
Cupin_3,PF05899,74,DTR_309421_3,-,387,0.003,17.4,0.2,2,3,0.022,110,2.7,0,28,58,79,109,76,117,0.84,EutQ-like cupin domain
Cupin_3,PF05899,74,DTR_309421_3,-,387,0.003,17.4,0.2,3,3,0.01,52,3.8,0,31,56,190,213,187,225,0.83,EutQ-like cupin domain
CspB_prodomain,PF18425,89,DTR_330329_1,-,847,0.034,14.3,0.6,1,2,0.0013,7,6.9,0.1,71,89,245,263,243,263,0.9,Csp protease B prodomain
CspB_prodomain,PF18425,89,DTR_330329_1,-,847,0.034,14.3,0.6,2,2,0.0058,30,4.9,0,16,60,437,480,430,498,0.8,Csp protease B prodomain
N-glycanase_C,PF09113,137,DTR_826040_15,-,829,0.042,13.8,0.7,1,2,0.0022,7.6,6.5,0.1,26,46,197,217,187,227,0.84,"Peptide-N-glycosidase F, C terminal"
N-glycanase_C,PF09113,137,DTR_826040_15,-,829,0.042,13.8,0.7,2,2,0.0088,31,4.5,0.1,10,42,267,296,256,331,0.75,"Peptide-N-glycosidase F, C terminal"
Toxin_R_bind_N,PF07953,195,DTR_183486_4,-,446,0.034,14.1,2.8,1,2,9.8e-6,0.051,13.5,0.4,39,115,192,272,168,286,0.67,"Clostridium neurotoxin, N-terminal receptor binding"
Toxin_R_bind_N,PF07953,195,DTR_183486_4,-,446,0.034,14.1,2.8,2,2,0.13,680,0,0.1,64,130,324,385,312,393,0.59,"Clostridium neurotoxin, N-terminal receptor binding"
CBM64,PF18666,74,DTR_520520_9,-,190,0.07,13.4,0.1,1,3,1.1,7500,-2.7,0,52,64,8,20,4,25,0.72,Carbohydrate-binding module 64
CBM64,PF18666,74,DTR_520520_9,-,190,0.07,13.4,0.1,2,3,0.0086,59,4,0.1,41,72,69,100,51,102,0.91,Carbohydrate-binding module 64
CBM64,PF18666,74,DTR_520520_9,-,190,0.07,13.4,0.1,3,3,0.0013,9.2,6.6,0,32,64,122,154,103,162,0.81,Carbohydrate-binding module 64
N-glycanase_C,PF09113,137,DTR_761161_15,-,829,0.042,13.8,0.7,1,2,0.0022,7.6,6.5,0.1,26,46,197,217,187,227,0.84,"Peptide-N-glycosidase F, C terminal"
N-glycanase_C,PF09113,137,DTR_761161_15,-,829,0.042,13.8,0.7,2,2,0.0088,31,4.5,0.1,10,42,267,296,256,331,0.75,"Peptide-N-glycosidase F, C terminal"
N-glycanase_C,PF09113,137,DTR_797722_3,-,829,0.042,13.8,0.7,1,2,0.0022,7.6,6.5,0.1,26,46,197,217,187,227,0.84,"Peptide-N-glycosidase F, C terminal"
N-glycanase_C,PF09113,137,DTR_797722_3,-,829,0.042,13.8,0.7,2,2,0.0088,31,4.5,0.1,10,42,267,296,256,331,0.75,"Peptide-N-glycosidase F, C terminal"
TT_ORF1,PF02956,525,DTR_302905_6,-,337,0.15,10.9,4.1,1,1,3.1e-5,0.21,10.4,4.1,11,82,165,239,161,256,0.57,TT viral orf 1
N-glycanase_C,PF09113,137,DTR_842970_15,-,829,0.054,13.4,0.6,1,2,0.0026,7.6,6.5,0.1,26,46,197,217,187,227,0.84,"Peptide-N-glycosidase F, C terminal"
N-glycanase_C,PF09113,137,DTR_842970_15,-,829,0.054,13.4,0.6,2,2,0.014,41,4.1,0,10,42,267,296,256,331,0.75,"Peptide-N-glycosidase F, C terminal"
Collagen_bind,PF05737,131,DTR_883245_21,-,249,0.047,14.1,0.8,1,1,1.6e-5,0.16,12.3,0.8,22,126,106,222,99,227,0.7,Collagen binding domain
Pro_3_hydrox_C,PF05373,101,DTR_848892_14,-,108,0.055,13.9,0.2,1,1,8.2e-6,0.085,13.3,0.2,64,99,63,99,56,101,0.84,"L-proline 3-hydroxylase, C-terminal"
N-glycanase_C,PF09113,137,DTR_837267_15,-,829,0.044,13.7,0.7,1,2,0.0022,7.6,6.5,0.1,26,46,197,217,187,227,0.84,"Peptide-N-glycosidase F, C terminal"
N-glycanase_C,PF09113,137,DTR_837267_15,-,829,0.044,13.7,0.7,2,2,0.0088,31,4.5,0.1,10,42,267,296,256,331,0.75,"Peptide-N-glycosidase F, C terminal"
N-glycanase_C,PF09113,137,DTR_834473_15,-,829,0.042,13.8,0.7,1,2,0.0022,7.6,6.5,0.1,26,46,197,217,187,227,0.84,"Peptide-N-glycosidase F, C terminal"
N-glycanase_C,PF09113,137,DTR_834473_15,-,829,0.042,13.8,0.7,2,2,0.0088,31,4.5,0.1,10,42,267,296,256,331,0.75,"Peptide-N-glycosidase F, C terminal"
BclA_C,PF18573,128,DTR_286245_11,-,442,2.6e-4,21.1,1.2,1,1,6e-8,4.1e-4,20.4,1.2,9,127,320,437,312,438,0.85,BclA C-terminal domain
CBM64,PF18666,74,DTR_374699_10,-,190,0.078,13.3,0.1,1,3,1.1,7500,-2.7,0,52,64,8,20,4,25,0.72,Carbohydrate-binding module 64
CBM64,PF18666,74,DTR_374699_10,-,190,0.078,13.3,0.1,2,3,0.0086,59,4,0.1,41,72,69,100,51,102,0.91,Carbohydrate-binding module 64
CBM64,PF18666,74,DTR_374699_10,-,190,0.078,13.3,0.1,3,3,0.0015,10,6.5,0,32,63,122,153,103,162,0.81,Carbohydrate-binding module 64
zf-ZPR1,PF03367,162,DTR_077758_5,-,108,0.032,14.2,1.1,1,1,3.8e-6,0.039,13.9,1.1,61,114,11,63,2,105,0.71,ZPR1 zinc-finger domain
N-glycanase_C,PF09113,137,DTR_749515_15,-,829,0.036,14,0.7,1,2,0.0022,7.6,6.5,0.1,26,46,197,217,187,227,0.84,"Peptide-N-glycosidase F, C terminal"
N-glycanase_C,PF09113,137,DTR_749515_15,-,829,0.036,14,0.7,2,2,0.0076,26,4.7,0.1,10,42,267,296,256,331,0.75,"Peptide-N-glycosidase F, C terminal"
Capsid_N,PF16903,207,DTR_288704_19,-,522,0.057,13.2,0,1,1,3.3e-5,0.69,9.6,0,74,113,99,135,78,260,0.73,Major capsid protein N-terminus
Thioredoxin_10,PF17991,142,DTR_602746_6,-,510,0.0036,18,0,1,2,1.1e-6,0.012,16.4,0,57,132,245,319,238,323,0.88,Thioredoxin like C-terminal domain
Thioredoxin_10,PF17991,142,DTR_602746_6,-,510,0.0036,18,0,2,2,0.67,6900,-2.3,0,43,79,354,387,351,396,0.81,Thioredoxin like C-terminal domain
N-glycanase_C,PF09113,137,DTR_559813_15,-,829,0.05,13.5,0.6,1,2,0.0026,7.6,6.5,0.1,26,46,197,217,187,227,0.84,"Peptide-N-glycosidase F, C terminal"
N-glycanase_C,PF09113,137,DTR_559813_15,-,829,0.05,13.5,0.6,2,2,0.012,34,4.4,0,10,40,267,294,256,330,0.77,"Peptide-N-glycosidase F, C terminal"
TT_ORF1,PF02956,525,DTR_051276_4,-,147,0.29,9.9,6.7,1,1,1.6e-5,0.34,9.8,6.7,11,76,14,79,9,94,0.51,TT viral orf 1
P2_N,PF18628,127,DTR_037686_22,-,274,7.8e-24,84.1,0.6,1,2,2e-23,4.1e-19,68.9,0,5,124,9,137,6,142,0.81,Viral coat protein P2 N-terminal domain
P2_N,PF18628,127,DTR_037686_22,-,274,7.8e-24,84.1,0.6,2,2,3.3e-6,0.069,13.2,0.1,7,66,159,214,155,268,0.78,Viral coat protein P2 N-terminal domain
Toxin_R_bind_N,PF07953,195,DTR_183004_7,-,270,8.8e-4,19.2,0.1,1,1,5.5e-7,0.0029,17.6,0.1,96,165,73,150,19,165,0.78,"Clostridium neurotoxin, N-terminal receptor binding"
ArabFuran-catal,PF09206,315,DTR_285287_19,-,1081,3e-12,46.5,7.7,1,1,3.7e-16,7.8e-12,45.2,7.7,10,172,809,986,805,1018,0.61,"Alpha-L-arabinofuranosidase B, catalytic"
N-glycanase_C,PF09113,137,DTR_516069_15,-,829,0.05,13.5,0.5,1,2,0.0031,13,5.7,0.1,26,46,197,217,187,227,0.84,"Peptide-N-glycosidase F, C terminal"
N-glycanase_C,PF09113,137,DTR_516069_15,-,829,0.05,13.5,0.5,2,2,0.0053,22,5,0,10,42,267,296,256,330,0.75,"Peptide-N-glycosidase F, C terminal"
Capsid_N,PF16903,207,DTR_284039_17,-,522,0.057,13.2,0,1,1,3.3e-5,0.69,9.6,0,74,113,99,135,78,260,0.73,Major capsid protein N-terminus
N-glycanase_C,PF09113,137,DTR_778119_15,-,829,0.042,13.8,0.7,1,2,0.0022,7.6,6.5,0.1,26,46,197,217,187,227,0.84,"Peptide-N-glycosidase F, C terminal"
N-glycanase_C,PF09113,137,DTR_778119_15,-,829,0.042,13.8,0.7,2,2,0.0088,31,4.5,0.1,10,42,267,296,256,331,0.75,"Peptide-N-glycosidase F, C terminal"
BclA_C,PF18573,128,DTR_892302_14,-,200,3.9e-5,23.7,1.6,1,1,4.3e-9,9e-5,22.6,1.6,4,65,63,125,60,151,0.76,BclA C-terminal domain
N-glycanase_C,PF09113,137,DTR_846491_15,-,827,0.042,13.8,0.7,1,2,0.0026,7.6,6.5,0.1,26,46,197,217,187,227,0.84,"Peptide-N-glycosidase F, C terminal"
N-glycanase_C,PF09113,137,DTR_846491_15,-,827,0.042,13.8,0.7,2,2,0.01,30,4.5,0.1,10,42,267,296,256,331,0.75,"Peptide-N-glycosidase F, C terminal"
Exotox-A_bind,PF09101,274,DTR_611857_4,-,66,0.11,12,0.2,1,1,5.7e-6,0.12,11.9,0.2,205,244,7,48,3,60,0.87,Exotoxin A binding
Denso_VP4,PF02336,452,DTR_636293_1,-,428,0.21,10.5,0,1,1,6.1e-5,0.32,10,0,113,155,367,409,356,413,0.86,Capsid protein VP4
N-glycanase_C,PF09113,137,DTR_533597_15,-,829,0.11,12.4,0.7,1,2,0.0018,7.6,6.5,0.1,26,46,197,217,187,227,0.84,"Peptide-N-glycosidase F, C terminal"
N-glycanase_C,PF09113,137,DTR_533597_15,-,829,0.11,12.4,0.7,2,2,0.021,86,3.1,0.1,11,42,268,296,256,330,0.74,"Peptide-N-glycosidase F, C terminal"
N-glycanase_C,PF09113,137,DTR_443273_3,-,829,0.041,13.8,0.7,1,2,0.0022,7.6,6.5,0.1,26,46,197,217,187,227,0.84,"Peptide-N-glycosidase F, C terminal"
N-glycanase_C,PF09113,137,DTR_443273_3,-,829,0.041,13.8,0.7,2,2,0.0088,31,4.5,0.1,10,42,267,296,256,331,0.75,"Peptide-N-glycosidase F, C terminal"
BclA_C,PF18573,128,DTR_027076_8,-,162,3.1e-4,20.8,1.9,1,1,5.9e-8,4.1e-4,20.4,1.3,40,127,71,161,49,161,0.88,BclA C-terminal domain
Polysacc_lyase,PF14099,211,DTR_317920_18,-,1722,3.1e-4,20.9,0.2,1,2,0.036,150,2.3,0,133,170,156,192,96,212,0.78,Polysaccharide lyase
Polysacc_lyase,PF14099,211,DTR_317920_18,-,1722,3.1e-4,20.9,0.2,2,2,3.3e-6,0.014,15.5,0,140,172,955,991,939,1035,0.82,Polysaccharide lyase
P2_N,PF18628,127,DTR_265559_14,-,274,7.8e-24,84.1,0.6,1,2,2e-23,4.1e-19,68.9,0,5,124,9,137,6,142,0.81,Viral coat protein P2 N-terminal domain
P2_N,PF18628,127,DTR_265559_14,-,274,7.8e-24,84.1,0.6,2,2,3.3e-6,0.069,13.2,0.1,7,66,159,214,155,268,0.78,Viral coat protein P2 N-terminal domain
Enas,PF13157,112,DTR_316927_10,-,163,0.004,17.4,0.8,1,2,6.8e-7,0.014,15.6,0.1,70,105,41,75,30,82,0.86,Endospore appendages
Enas,PF13157,112,DTR_316927_10,-,163,0.004,17.4,0.8,2,2,0.033,690,0.5,0.2,40,59,75,93,69,146,0.64,Endospore appendages
Collagen_bind,PF05737,131,DTR_474063_21,-,249,0.047,14.1,0.8,1,1,1.6e-5,0.16,12.3,0.8,22,126,106,222,99,227,0.7,Collagen binding domain
N-glycanase_C,PF09113,137,DTR_546157_3,-,827,0.042,13.8,0.7,1,2,0.0022,7.6,6.5,0.1,26,46,197,217,187,227,0.84,"Peptide-N-glycosidase F, C terminal"
N-glycanase_C,PF09113,137,DTR_546157_3,-,827,0.042,13.8,0.7,2,2,0.0088,30,4.5,0.1,10,42,267,296,256,331,0.75,"Peptide-N-glycosidase F, C terminal"
N-glycanase_C,PF09113,137,DTR_765786_15,-,829,0.042,13.8,0.7,1,2,0.0022,7.6,6.5,0.1,26,46,197,217,187,227,0.84,"Peptide-N-glycosidase F, C terminal"
N-glycanase_C,PF09113,137,DTR_765786_15,-,829,0.042,13.8,0.7,2,2,0.0088,31,4.5,0.1,10,42,267,296,256,331,0.75,"Peptide-N-glycosidase F, C terminal"
N-glycanase_C,PF09113,137,DTR_856245_15,-,829,0.042,13.8,0.7,1,2,0.0022,7.6,6.5,0.1,26,46,197,217,187,227,0.84,"Peptide-N-glycosidase F, C terminal"
N-glycanase_C,PF09113,137,DTR_856245_15,-,829,0.042,13.8,0.7,2,2,0.0088,31,4.5,0.1,10,42,267,296,256,331,0.75,"Peptide-N-glycosidase F, C terminal"
Enas,PF13157,112,DTR_313719_1,-,175,0.0041,17.3,0.7,1,2,7.5e-7,0.016,15.5,0.1,70,105,41,75,28,82,0.86,Endospore appendages
Enas,PF13157,112,DTR_313719_1,-,175,0.0041,17.3,0.7,2,2,0.032,670,0.5,0.2,39,59,74,93,67,145,0.67,Endospore appendages
CBM64,PF18666,74,DTR_530635_2,-,190,0.078,13.3,0.1,1,3,1.1,7500,-2.7,0,52,64,8,20,4,25,0.72,Carbohydrate-binding module 64
CBM64,PF18666,74,DTR_530635_2,-,190,0.078,13.3,0.1,2,3,0.0086,59,4,0.1,41,72,69,100,51,102,0.91,Carbohydrate-binding module 64
CBM64,PF18666,74,DTR_530635_2,-,190,0.078,13.3,0.1,3,3,0.0015,10,6.5,0,32,63,122,153,103,162,0.81,Carbohydrate-binding module 64
BclA_C,PF18573,128,DTR_718226_20,-,112,0.0022,18.1,0,1,1,4.1e-7,0.0043,17.1,0,5,73,38,106,34,110,0.88,BclA C-terminal domain
N-glycanase_C,PF09113,137,DTR_468435_3,-,829,0.042,13.8,0.7,1,2,0.0018,7.6,6.5,0.1,26,46,197,217,187,227,0.84,"Peptide-N-glycosidase F, C terminal"
N-glycanase_C,PF09113,137,DTR_468435_3,-,829,0.042,13.8,0.7,2,2,0.0073,31,4.5,0.1,10,42,267,296,256,331,0.75,"Peptide-N-glycosidase F, C terminal"
BclA_C,PF18573,128,DTR_065948_14,-,380,7.7e-4,19.5,5.4,1,2,0.051,1100,-0.3,0,38,78,42,84,31,95,0.78,BclA C-terminal domain
BclA_C,PF18573,128,DTR_065948_14,-,380,7.7e-4,19.5,5.4,2,2,7.1e-8,0.0015,18.6,3.5,3,127,243,376,241,377,0.69,BclA C-terminal domain
CBM64,PF18666,74,DTR_743367_9,-,190,0.07,13.4,0.1,1,3,1.1,7500,-2.7,0,52,64,8,20,4,25,0.72,Carbohydrate-binding module 64
CBM64,PF18666,74,DTR_743367_9,-,190,0.07,13.4,0.1,2,3,0.0086,59,4,0.1,41,72,69,100,51,102,0.91,Carbohydrate-binding module 64
CBM64,PF18666,74,DTR_743367_9,-,190,0.07,13.4,0.1,3,3,0.0013,9.2,6.6,0,32,64,122,154,103,162,0.81,Carbohydrate-binding module 64
N-glycanase_C,PF09113,137,DTR_786946_15,-,829,0.042,13.8,0.7,1,2,0.0022,7.6,6.5,0.1,26,46,197,217,187,227,0.84,"Peptide-N-glycosidase F, C terminal"
N-glycanase_C,PF09113,137,DTR_786946_15,-,829,0.042,13.8,0.7,2,2,0.0088,31,4.5,0.1,10,42,267,296,256,331,0.75,"Peptide-N-glycosidase F, C terminal"
N-glycanase_C,PF09113,137,DTR_544624_15,-,829,0.034,14.1,0.4,1,2,0.0017,7.2,6.5,0.1,26,46,197,217,187,229,0.84,"Peptide-N-glycosidase F, C terminal"
N-glycanase_C,PF09113,137,DTR_544624_15,-,829,0.034,14.1,0.4,2,2,0.0073,31,4.5,0.1,10,42,267,296,256,331,0.75,"Peptide-N-glycosidase F, C terminal"
N-glycanase_C,PF09113,137,DTR_753861_3,-,829,0.045,13.7,0.8,1,2,0.0015,7.6,6.5,0.1,26,46,197,217,187,227,0.84,"Peptide-N-glycosidase F, C terminal"
N-glycanase_C,PF09113,137,DTR_753861_3,-,829,0.045,13.7,0.8,2,2,0.0061,32,4.5,0.1,10,41,267,295,256,331,0.75,"Peptide-N-glycosidase F, C terminal"
Enas,PF13157,112,DTR_284171_2,-,114,0.14,12.5,0,1,1,1e-5,0.21,11.8,0,9,32,14,37,6,51,0.83,Endospore appendages
P2_N,PF18628,127,DTR_037154_9,-,272,4.9000000000000005e-27,94.5,0.1,1,2,9.7e-29,2e-24,86,0,4,127,8,136,5,136,0.95,Viral coat protein P2 N-terminal domain
P2_N,PF18628,127,DTR_037154_9,-,272,4.9000000000000005e-27,94.5,0.1,2,2,3.8e-4,8,6.5,0,22,64,169,206,149,227,0.85,Viral coat protein P2 N-terminal domain
DUF4621,PF15414,329,DTR_405812_21,-,133,0.12,11.5,0.1,1,1,6.3e-6,0.13,11.4,0.1,186,232,52,98,9,111,0.77,Protein of unknown function (DUF4621)
CBM64,PF18666,74,DTR_530068_10,-,190,0.07,13.4,0.1,1,3,1.1,7500,-2.7,0,52,64,8,20,4,25,0.72,Carbohydrate-binding module 64
CBM64,PF18666,74,DTR_530068_10,-,190,0.07,13.4,0.1,2,3,0.0086,59,4,0.1,41,72,69,100,51,102,0.91,Carbohydrate-binding module 64
CBM64,PF18666,74,DTR_530068_10,-,190,0.07,13.4,0.1,3,3,0.0013,9.2,6.6,0,32,64,122,154,103,162,0.81,Carbohydrate-binding module 64
N-glycanase_C,PF09113,137,DTR_888204_3,-,829,0.043,13.8,0.7,1,2,0.0018,7.6,6.5,0.1,26,46,197,217,187,227,0.84,"Peptide-N-glycosidase F, C terminal"
N-glycanase_C,PF09113,137,DTR_888204_3,-,829,0.043,13.8,0.7,2,2,0.0073,31,4.5,0.1,10,42,267,296,256,331,0.75,"Peptide-N-glycosidase F, C terminal"
BclA_C,PF18573,128,DTR_351934_20,-,390,0.076,13.1,0,1,1,1.8e-5,0.18,11.9,0,15,59,314,358,309,372,0.9,BclA C-terminal domain
SP2,PF03014,205,DTR_087117_12,-,388,0.081,12.8,0,1,1,1.2e-5,0.13,12.1,0,52,105,256,311,246,317,0.79,Structural protein 2 nucleoplasmin-like domain
N-glycanase_C,PF09113,137,DTR_595517_3,-,829,0.04,13.8,0.7,1,2,0.0022,7.6,6.5,0.1,26,46,197,217,187,227,0.84,"Peptide-N-glycosidase F, C terminal"
N-glycanase_C,PF09113,137,DTR_595517_3,-,829,0.04,13.8,0.7,2,2,0.0088,31,4.5,0.1,10,42,267,296,256,331,0.75,"Peptide-N-glycosidase F, C terminal"
N-glycanase_C,PF09113,137,DTR_860862_15,-,827,0.042,13.8,0.7,1,2,0.0018,7.6,6.5,0.1,26,46,197,217,187,227,0.84,"Peptide-N-glycosidase F, C terminal"
N-glycanase_C,PF09113,137,DTR_860862_15,-,827,0.042,13.8,0.7,2,2,0.0073,30,4.5,0.1,10,42,267,296,256,331,0.75,"Peptide-N-glycosidase F, C terminal"
BclA_C,PF18573,128,DTR_892297_10,-,434,9.2,6.4,13.3,1,4,0.18,3800,-2.1,0.1,44,46,52,54,34,111,0.62,BclA C-terminal domain
BclA_C,PF18573,128,DTR_892297_10,-,434,9.2,6.4,13.3,2,4,0.19,4000,-2.1,0.1,78,88,163,173,126,187,0.54,BclA C-terminal domain
BclA_C,PF18573,128,DTR_892297_10,-,434,9.2,6.4,13.3,3,4,0.16,3200,-1.9,0,16,39,226,250,222,264,0.63,BclA C-terminal domain
BclA_C,PF18573,128,DTR_892297_10,-,434,9.2,6.4,13.3,4,4,4.2e-6,0.087,12.9,2.8,22,107,313,410,293,431,0.69,BclA C-terminal domain
N-glycanase_C,PF09113,137,DTR_751348_15,-,829,0.046,13.6,0.4,1,2,0.0037,13,5.7,0.1,26,46,197,217,187,227,0.84,"Peptide-N-glycosidase F, C terminal"
N-glycanase_C,PF09113,137,DTR_751348_15,-,829,0.046,13.6,0.4,2,2,0.0074,26,4.8,0,10,42,267,296,257,330,0.76,"Peptide-N-glycosidase F, C terminal"
N-glycanase_C,PF09113,137,DTR_550119_15,-,800,0.048,13.6,0.4,1,2,0.0035,12,5.8,0.1,26,46,197,217,184,227,0.84,"Peptide-N-glycosidase F, C terminal"
N-glycanase_C,PF09113,137,DTR_550119_15,-,800,0.048,13.6,0.4,2,2,0.0067,23,4.9,0,10,42,267,296,258,331,0.76,"Peptide-N-glycosidase F, C terminal"
Enas,PF13157,112,DTR_006424_7,-,114,0.14,12.5,0,1,1,1e-5,0.21,11.8,0,9,32,14,37,6,51,0.83,Endospore appendages
N-glycanase_C,PF09113,137,DTR_863359_15,-,829,0.044,13.7,0.7,1,2,0.0015,7.6,6.5,0.1,26,46,197,217,187,227,0.84,"Peptide-N-glycosidase F, C terminal"
N-glycanase_C,PF09113,137,DTR_863359_15,-,829,0.044,13.7,0.7,2,2,0.0059,31,4.5,0.1,10,42,267,296,256,331,0.75,"Peptide-N-glycosidase F, C terminal"
N-glycanase_C,PF09113,137,DTR_487915_3,-,827,0.042,13.8,0.7,1,2,0.0022,7.6,6.5,0.1,26,46,197,217,187,227,0.84,"Peptide-N-glycosidase F, C terminal"
N-glycanase_C,PF09113,137,DTR_487915_3,-,827,0.042,13.8,0.7,2,2,0.0088,30,4.5,0.1,10,42,267,296,256,331,0.75,"Peptide-N-glycosidase F, C terminal"
N-glycanase_C,PF09113,137,DTR_777926_15,-,829,0.042,13.8,0.7,1,2,0.0022,7.6,6.5,0.1,26,46,197,217,187,227,0.84,"Peptide-N-glycosidase F, C terminal"
N-glycanase_C,PF09113,137,DTR_777926_15,-,829,0.042,13.8,0.7,2,2,0.0088,31,4.5,0.1,10,42,267,296,256,331,0.75,"Peptide-N-glycosidase F, C terminal"
BclA_C,PF18573,128,DTR_065954_1,-,165,0.019,15.1,1.5,1,1,1.2e-6,0.026,14.6,1.5,30,111,58,146,50,161,0.73,BclA C-terminal domain
CBM_35_2,PF18099,112,DTR_259669_3,-,405,0.15,12.5,0.3,1,3,0.0019,13,6.2,0,33,81,18,68,16,79,0.79,Carbohydrate binding module (family 35)
CBM_35_2,PF18099,112,DTR_259669_3,-,405,0.15,12.5,0.3,2,3,0.67,4700,-2,0,18,33,91,107,79,115,0.67,Carbohydrate binding module (family 35)
CBM_35_2,PF18099,112,DTR_259669_3,-,405,0.15,12.5,0.3,3,3,0.019,130,3,0,26,58,266,298,260,307,0.9,Carbohydrate binding module (family 35)
N-glycanase_C,PF09113,137,DTR_774713_15,-,829,0.045,13.7,0.8,1,2,0.0015,7.6,6.5,0.1,26,46,197,217,187,227,0.84,"Peptide-N-glycosidase F, C terminal"
N-glycanase_C,PF09113,137,DTR_774713_15,-,829,0.045,13.7,0.8,2,2,0.0061,32,4.5,0.1,10,41,267,295,256,331,0.75,"Peptide-N-glycosidase F, C terminal"
HgmA_N,PF20510,273,DTR_414007_14,-,143,5e-4,19.7,0,1,1,9.5e-8,6.6e-4,19.3,0,49,129,4,82,2,92,0.89,"Homogentisate 1,2-dioxygenase N-terminal"
ArabFuran-catal,PF09206,315,DTR_172400_12,-,267,2.3e-8,33.8,0.2,1,2,1.1e-12,2.3e-8,33.8,0.2,15,86,28,96,21,109,0.89,"Alpha-L-arabinofuranosidase B, catalytic"
ArabFuran-catal,PF09206,315,DTR_172400_12,-,267,2.3e-8,33.8,0.2,2,2,0.13,2700,-2.6,0.2,52,63,217,228,184,264,0.5,"Alpha-L-arabinofuranosidase B, catalytic"
Adeno_hexon_C,PF03678,241,DTR_008904_12,-,109,0.025,14.2,0,1,1,1.5e-6,0.032,13.9,0,121,152,6,37,1,45,0.86,"Hexon, adenovirus major coat protein, C-terminal domain"
N-glycanase_C,PF09113,137,DTR_772378_3,-,829,0.042,13.8,0.7,1,2,0.0022,7.6,6.5,0.1,26,46,197,217,187,227,0.84,"Peptide-N-glycosidase F, C terminal"
N-glycanase_C,PF09113,137,DTR_772378_3,-,829,0.042,13.8,0.7,2,2,0.0088,31,4.5,0.1,10,42,267,296,256,331,0.75,"Peptide-N-glycosidase F, C terminal"
HgmA_N,PF20510,273,DTR_828561_1,-,143,5e-4,19.7,0,1,1,9.5e-8,6.6e-4,19.3,0,49,129,4,82,2,92,0.89,"Homogentisate 1,2-dioxygenase N-terminal"
Cupin_3,PF05899,74,DTR_308737_2,-,387,0.003,17.4,0.2,1,3,4.3e-4,2.2,8.2,0,28,66,47,82,26,85,0.82,EutQ-like cupin domain
Cupin_3,PF05899,74,DTR_308737_2,-,387,0.003,17.4,0.2,2,3,0.022,110,2.7,0,28,58,79,109,76,117,0.84,EutQ-like cupin domain
Cupin_3,PF05899,74,DTR_308737_2,-,387,0.003,17.4,0.2,3,3,0.01,52,3.8,0,31,56,190,213,187,225,0.83,EutQ-like cupin domain
HgmA_N,PF20510,273,DTR_409266_15,-,143,0.12,11.8,0.1,1,1,3.1e-5,0.16,11.4,0.1,49,129,4,82,2,92,0.88,"Homogentisate 1,2-dioxygenase N-terminal"
BclA_C,PF18573,128,DTR_264533_22,-,179,4e-4,20.5,0.4,1,2,1.2,12000,-3.7,0,32,44,6,18,4,22,0.62,BclA C-terminal domain
BclA_C,PF18573,128,DTR_264533_22,-,179,4e-4,20.5,0.4,2,2,6e-8,6.2e-4,19.8,0.2,4,107,42,155,39,176,0.78,BclA C-terminal domain
N-glycanase_C,PF09113,137,DTR_455828_3,-,829,0.042,13.8,0.7,1,2,0.0022,7.6,6.5,0.1,26,46,197,217,187,227,0.84,"Peptide-N-glycosidase F, C terminal"
N-glycanase_C,PF09113,137,DTR_455828_3,-,829,0.042,13.8,0.7,2,2,0.0088,31,4.5,0.1,10,42,267,296,256,331,0.75,"Peptide-N-glycosidase F, C terminal"
N-glycanase_C,PF09113,137,DTR_814050_3,-,794,0.048,13.6,0.7,1,2,0.0017,7.3,6.5,0.1,26,46,197,217,187,227,0.84,"Peptide-N-glycosidase F, C terminal"
N-glycanase_C,PF09113,137,DTR_814050_3,-,794,0.048,13.6,0.7,2,2,0.007,29,4.6,0.1,10,42,267,296,256,331,0.75,"Peptide-N-glycosidase F, C terminal"
N-glycanase_C,PF09113,137,DTR_854627_15,-,829,0.039,13.9,0.7,1,2,0.0015,7.6,6.5,0.1,26,46,197,217,187,227,0.84,"Peptide-N-glycosidase F, C terminal"
N-glycanase_C,PF09113,137,DTR_854627_15,-,829,0.039,13.9,0.7,2,2,0.0059,31,4.5,0.1,10,42,267,296,256,331,0.75,"Peptide-N-glycosidase F, C terminal"
CBM_35_2,PF18099,112,DTR_259628_9,-,405,0.15,12.5,0.3,1,3,0.0019,13,6.2,0,33,81,18,68,16,79,0.79,Carbohydrate binding module (family 35)
CBM_35_2,PF18099,112,DTR_259628_9,-,405,0.15,12.5,0.3,2,3,0.67,4700,-2,0,18,33,91,107,79,115,0.67,Carbohydrate binding module (family 35)
CBM_35_2,PF18099,112,DTR_259628_9,-,405,0.15,12.5,0.3,3,3,0.019,130,3,0,26,58,266,298,260,307,0.9,Carbohydrate binding module (family 35)
Thioredoxin_10,PF17991,142,DTR_508349_20,-,508,0.0019,19,0,1,2,9.6e-7,0.01,16.6,0,56,132,242,317,236,321,0.9,Thioredoxin like C-terminal domain
Thioredoxin_10,PF17991,142,DTR_508349_20,-,508,0.0019,19,0,2,2,0.21,2200,-0.7,0,43,82,352,388,349,396,0.84,Thioredoxin like C-terminal domain
HgmA_N,PF20510,273,DTR_493079_2,-,389,0.097,12.1,0,1,2,0.012,50,3.3,0,32,73,77,118,53,133,0.82,"Homogentisate 1,2-dioxygenase N-terminal"
HgmA_N,PF20510,273,DTR_493079_2,-,389,0.097,12.1,0,2,2,0.0011,4.7,6.6,0,156,196,153,194,147,204,0.79,"Homogentisate 1,2-dioxygenase N-terminal"
N-glycanase_C,PF09113,137,DTR_390389_13,-,829,0.055,13.4,0.6,1,2,0.0026,7.6,6.5,0.1,26,46,197,217,187,227,0.84,"Peptide-N-glycosidase F, C terminal"
N-glycanase_C,PF09113,137,DTR_390389_13,-,829,0.055,13.4,0.6,2,2,0.014,41,4.1,0,10,42,267,296,256,331,0.75,"Peptide-N-glycosidase F, C terminal"
N-glycanase_C,PF09113,137,DTR_818975_15,-,829,0.048,13.6,0.7,1,2,0.0022,7.6,6.5,0.1,26,46,197,217,187,227,0.84,"Peptide-N-glycosidase F, C terminal"
N-glycanase_C,PF09113,137,DTR_818975_15,-,829,0.048,13.6,0.7,2,2,0.0088,31,4.5,0.1,10,42,267,296,256,331,0.75,"Peptide-N-glycosidase F, C terminal"
N-glycanase_C,PF09113,137,DTR_604604_15,-,829,0.041,13.8,0.7,1,2,0.0022,7.6,6.5,0.1,26,46,197,217,187,227,0.84,"Peptide-N-glycosidase F, C terminal"
N-glycanase_C,PF09113,137,DTR_604604_15,-,829,0.041,13.8,0.7,2,2,0.0088,31,4.5,0.1,10,42,267,296,256,331,0.75,"Peptide-N-glycosidase F, C terminal"
Cupin_3,PF05899,74,DTR_304195_10,-,387,0.003,17.4,0.2,1,3,4.3e-4,2.2,8.2,0,28,66,47,82,26,85,0.82,EutQ-like cupin domain
Cupin_3,PF05899,74,DTR_304195_10,-,387,0.003,17.4,0.2,2,3,0.022,110,2.7,0,28,58,79,109,76,117,0.84,EutQ-like cupin domain
Cupin_3,PF05899,74,DTR_304195_10,-,387,0.003,17.4,0.2,3,3,0.01,52,3.8,0,31,56,190,213,187,225,0.83,EutQ-like cupin domain
N-glycanase_C,PF09113,137,DTR_517765_15,-,829,0.044,13.7,0.7,1,2,0.0018,7.6,6.5,0.1,26,46,197,217,187,227,0.84,"Peptide-N-glycosidase F, C terminal"
N-glycanase_C,PF09113,137,DTR_517765_15,-,829,0.044,13.7,0.7,2,2,0.0073,31,4.5,0.1,10,42,267,296,256,331,0.75,"Peptide-N-glycosidase F, C terminal"
CspB_prodomain,PF18425,89,DTR_770037_21,-,102,0.087,13,0,1,1,1e-5,0.1,12.8,0,25,78,46,99,25,101,0.84,Csp protease B prodomain
Thioredoxin_10,PF17991,142,DTR_493537_16,-,502,0.0018,19,0,1,2,9.5e-7,0.0098,16.6,0,56,132,236,311,230,315,0.9,Thioredoxin like C-terminal domain
Thioredoxin_10,PF17991,142,DTR_493537_16,-,502,0.0018,19,0,2,2,0.21,2200,-0.7,0,43,82,346,382,343,390,0.84,Thioredoxin like C-terminal domain
N-glycanase_C,PF09113,137,DTR_773857_15,-,829,0.042,13.8,0.7,1,2,0.0022,7.6,6.5,0.1,26,46,197,217,187,227,0.84,"Peptide-N-glycosidase F, C terminal"
N-glycanase_C,PF09113,137,DTR_773857_15,-,829,0.042,13.8,0.7,2,2,0.0088,31,4.5,0.1,10,42,267,296,256,331,0.75,"Peptide-N-glycosidase F, C terminal"
Enas,PF13157,112,DTR_326929_10,-,175,0.0041,17.3,0.7,1,2,7.5e-7,0.016,15.5,0.1,70,105,41,75,28,82,0.86,Endospore appendages
Enas,PF13157,112,DTR_326929_10,-,175,0.0041,17.3,0.7,2,2,0.032,670,0.5,0.2,39,59,74,93,67,145,0.67,Endospore appendages
Nepo_coat,PF03391,167,DTR_024606_22,-,100,0.015,15,0.6,1,1,1.5e-6,0.015,14.9,0.6,42,82,19,59,4,88,0.86,"Nepovirus coat protein, central domain"
Cupin_3,PF05899,74,DTR_304255_6,-,387,0.003,17.4,0.2,1,3,4.3e-4,2.2,8.2,0,28,66,47,82,26,85,0.82,EutQ-like cupin domain
Cupin_3,PF05899,74,DTR_304255_6,-,387,0.003,17.4,0.2,2,3,0.022,110,2.7,0,28,58,79,109,76,117,0.84,EutQ-like cupin domain
Cupin_3,PF05899,74,DTR_304255_6,-,387,0.003,17.4,0.2,3,3,0.01,52,3.8,0,31,56,190,213,187,225,0.83,EutQ-like cupin domain
CBM64,PF18666,74,DTR_816106_9,-,190,0.07,13.4,0.1,1,3,1.1,7500,-2.7,0,52,64,8,20,4,25,0.72,Carbohydrate-binding module 64
CBM64,PF18666,74,DTR_816106_9,-,190,0.07,13.4,0.1,2,3,0.0086,59,4,0.1,41,72,69,100,51,102,0.91,Carbohydrate-binding module 64
CBM64,PF18666,74,DTR_816106_9,-,190,0.07,13.4,0.1,3,3,0.0013,9.2,6.6,0,32,64,122,154,103,162,0.81,Carbohydrate-binding module 64
N-glycanase_C,PF09113,137,DTR_815021_15,-,829,0.044,13.7,0.7,1,2,0.0018,7.6,6.5,0.1,26,46,197,217,187,227,0.84,"Peptide-N-glycosidase F, C terminal"
N-glycanase_C,PF09113,137,DTR_815021_15,-,829,0.044,13.7,0.7,2,2,0.0073,31,4.5,0.1,10,42,267,296,256,331,0.75,"Peptide-N-glycosidase F, C terminal"
Cupin_3,PF05899,74,DTR_308681_10,-,387,0.003,17.4,0.2,1,3,4.3e-4,2.2,8.2,0,28,66,47,82,26,85,0.82,EutQ-like cupin domain
Cupin_3,PF05899,74,DTR_308681_10,-,387,0.003,17.4,0.2,2,3,0.022,110,2.7,0,28,58,79,109,76,117,0.84,EutQ-like cupin domain
Cupin_3,PF05899,74,DTR_308681_10,-,387,0.003,17.4,0.2,3,3,0.01,52,3.8,0,31,56,190,213,187,225,0.83,EutQ-like cupin domain
Thioredoxin_10,PF17991,142,DTR_686906_25,-,505,0.016,15.9,0.1,1,2,4.7e-6,0.097,13.4,0,65,132,248,314,234,318,0.84,Thioredoxin like C-terminal domain
Thioredoxin_10,PF17991,142,DTR_686906_25,-,505,0.016,15.9,0.1,2,2,0.088,1800,-0.4,0,43,82,349,385,337,393,0.86,Thioredoxin like C-terminal domain
Cupin_3,PF05899,74,DTR_684083_20,-,205,0.015,15.2,0.1,1,2,0.14,2900,-1.8,0,13,22,21,30,15,36,0.77,EutQ-like cupin domain
Cupin_3,PF05899,74,DTR_684083_20,-,205,0.015,15.2,0.1,2,2,3.1e-6,0.065,13.1,0,42,68,158,185,147,189,0.85,EutQ-like cupin domain
N-glycanase_C,PF09113,137,DTR_811090_15,-,829,0.042,13.8,0.7,1,2,0.0018,7.6,6.5,0.1,26,46,197,217,187,227,0.84,"Peptide-N-glycosidase F, C terminal"
N-glycanase_C,PF09113,137,DTR_811090_15,-,829,0.042,13.8,0.7,2,2,0.0073,31,4.5,0.1,10,42,267,296,256,331,0.75,"Peptide-N-glycosidase F, C terminal"
P2_N,PF18628,127,DTR_051147_24,-,273,2.3e-26,92.3,0.1,1,2,1.2e-25,2.4e-21,76.1,0,4,125,7,138,5,140,0.93,Viral coat protein P2 N-terminal domain
P2_N,PF18628,127,DTR_051147_24,-,273,2.3e-26,92.3,0.1,2,2,1.6e-6,0.033,14.2,0,38,82,183,227,175,267,0.84,Viral coat protein P2 N-terminal domain
DUF4465,PF14717,176,DTR_269216_2,-,215,0.03,15,0.6,1,1,4.6e-6,0.048,14.3,0.6,40,119,114,183,84,196,0.66,Domain of unknown function (DUF4465)
BclA_C,PF18573,128,DTR_700858_7,-,209,0.052,13.6,0.1,1,1,4.1e-6,0.084,13,0.1,61,127,141,207,109,208,0.72,BclA C-terminal domain
N-glycanase_C,PF09113,137,DTR_853317_15,-,827,0.042,13.8,0.7,1,2,0.0022,7.6,6.5,0.1,26,46,197,217,187,227,0.84,"Peptide-N-glycosidase F, C terminal"
N-glycanase_C,PF09113,137,DTR_853317_15,-,827,0.042,13.8,0.7,2,2,0.0088,30,4.5,0.1,10,42,267,296,256,331,0.75,"Peptide-N-glycosidase F, C terminal"
N-glycanase_C,PF09113,137,DTR_838573_15,-,829,0.043,13.7,0.7,1,2,0.0018,7.6,6.5,0.1,26,46,197,217,187,227,0.84,"Peptide-N-glycosidase F, C terminal"
N-glycanase_C,PF09113,137,DTR_838573_15,-,829,0.043,13.7,0.7,2,2,0.0073,31,4.5,0.1,10,42,267,296,256,331,0.75,"Peptide-N-glycosidase F, C terminal"
TT_ORF1,PF02956,525,DTR_294138_6,-,337,0.15,10.9,4.1,1,1,3.1e-5,0.21,10.4,4.1,11,82,165,239,161,256,0.57,TT viral orf 1
Cupin_3,PF05899,74,DTR_304161_16,-,387,0.003,17.4,0.2,1,3,4.3e-4,2.2,8.2,0,28,66,47,82,26,85,0.82,EutQ-like cupin domain
Cupin_3,PF05899,74,DTR_304161_16,-,387,0.003,17.4,0.2,2,3,0.022,110,2.7,0,28,58,79,109,76,117,0.84,EutQ-like cupin domain
Cupin_3,PF05899,74,DTR_304161_16,-,387,0.003,17.4,0.2,3,3,0.01,52,3.8,0,31,56,190,213,187,225,0.83,EutQ-like cupin domain
Thioredoxin_10,PF17991,142,DTR_188442_15,-,500,0.048,14.4,0,1,2,2.8e-5,0.29,11.9,0,57,132,246,320,238,324,0.89,Thioredoxin like C-terminal domain
Thioredoxin_10,PF17991,142,DTR_188442_15,-,500,0.048,14.4,0,2,2,0.17,1800,-0.4,0,43,82,355,391,349,399,0.86,Thioredoxin like C-terminal domain
Lyase_N,PF09092,166,DTR_188442_25,-,107,0.094,12.7,0,1,1,4.7e-6,0.099,12.7,0,6,80,8,83,3,104,0.78,"Lyase, N terminal"
N-glycanase_C,PF09113,137,DTR_662889_3,-,829,0.041,13.8,0.7,1,2,0.0018,7.6,6.5,0.1,26,46,197,217,187,227,0.84,"Peptide-N-glycosidase F, C terminal"
N-glycanase_C,PF09113,137,DTR_662889_3,-,829,0.041,13.8,0.7,2,2,0.0073,31,4.5,0.1,10,42,267,296,256,331,0.75,"Peptide-N-glycosidase F, C terminal"
TT_ORF1,PF02956,525,DTR_293449_6,-,337,0.15,10.9,4.1,1,1,3.1e-5,0.21,10.4,4.1,11,82,165,239,161,256,0.57,TT viral orf 1
zf-ZPR1,PF03367,162,DTR_573911_3,-,64,0.078,13,1.3,1,1,2.1e-5,0.089,12.8,1.3,2,43,21,62,20,63,0.89,ZPR1 zinc-finger domain
SP2,PF03014,205,DTR_251018_6,-,388,0.081,12.8,0,1,1,1.2e-5,0.13,12.1,0,52,105,256,311,246,317,0.79,Structural protein 2 nucleoplasmin-like domain
N-glycanase_C,PF09113,137,DTR_554069_15,-,829,0.041,13.8,0.7,1,2,0.0026,7.6,6.5,0.1,26,46,197,217,187,227,0.84,"Peptide-N-glycosidase F, C terminal"
N-glycanase_C,PF09113,137,DTR_554069_15,-,829,0.041,13.8,0.7,2,2,0.01,31,4.5,0.1,10,42,267,296,256,331,0.75,"Peptide-N-glycosidase F, C terminal"
Polysacc_lyase,PF14099,211,DTR_141859_16,-,1678,9.4e-5,22.6,2.9,1,3,0.44,1800,-1.2,0,132,150,155,173,122,189,0.74,Polysaccharide lyase
Polysacc_lyase,PF14099,211,DTR_141859_16,-,1678,9.4e-5,22.6,2.9,2,3,0.0021,8.7,6.3,0.2,60,184,342,454,302,471,0.72,Polysaccharide lyase
Polysacc_lyase,PF14099,211,DTR_141859_16,-,1678,9.4e-5,22.6,2.9,3,3,5.9e-6,0.024,14.7,0.1,107,184,1128,1204,1105,1210,0.76,Polysaccharide lyase
CBM_35_2,PF18099,112,DTR_136038_18,-,107,0.038,14.4,0.1,1,1,4.1e-6,0.043,14.3,0.1,33,99,18,83,4,97,0.75,Carbohydrate binding module (family 35)
P2_N,PF18628,127,DTR_265524_9,-,272,4.9000000000000005e-27,94.5,0.1,1,2,9.7e-29,2e-24,86,0,4,127,8,136,5,136,0.95,Viral coat protein P2 N-terminal domain
P2_N,PF18628,127,DTR_265524_9,-,272,4.9000000000000005e-27,94.5,0.1,2,2,3.8e-4,8,6.5,0,22,64,169,206,149,227,0.85,Viral coat protein P2 N-terminal domain
P2_N,PF18628,127,DTR_037208_15,-,272,1.1e-26,93.3,0.2,1,2,1.5e-28,3.0999999999999997e-24,85.4,0,4,127,8,136,5,136,0.95,Viral coat protein P2 N-terminal domain
P2_N,PF18628,127,DTR_037208_15,-,272,1.1e-26,93.3,0.2,2,2,5.1e-4,11,6.1,0,22,64,169,206,149,227,0.84,Viral coat protein P2 N-terminal domain
CBM64,PF18666,74,DTR_559959_2,-,190,0.1,12.9,0.2,1,2,0.0086,59,4,0.1,41,72,69,100,51,102,0.91,Carbohydrate-binding module 64
CBM64,PF18666,74,DTR_559959_2,-,190,0.1,12.9,0.2,2,2,0.0013,9.2,6.6,0,32,64,122,154,103,162,0.81,Carbohydrate-binding module 64
Thioredoxin_10,PF17991,142,DTR_847870_2,-,506,0.086,13.6,0,1,2,2.3e-5,0.47,11.2,0,57,132,240,314,232,318,0.88,Thioredoxin like C-terminal domain
Thioredoxin_10,PF17991,142,DTR_847870_2,-,506,0.086,13.6,0,2,2,0.1,2100,-0.6,0,43,82,349,385,336,393,0.86,Thioredoxin like C-terminal domain
N-glycanase_C,PF09113,137,DTR_550254_15,-,829,0.042,13.8,0.4,1,2,0.003,12,5.8,0.1,26,46,197,217,184,227,0.84,"Peptide-N-glycosidase F, C terminal"
N-glycanase_C,PF09113,137,DTR_550254_15,-,829,0.042,13.8,0.4,2,2,0.0058,24,4.8,0,10,42,267,296,258,331,0.76,"Peptide-N-glycosidase F, C terminal"
N-glycanase_C,PF09113,137,DTR_791111_3,-,829,0.042,13.8,0.7,1,2,0.0022,7.6,6.5,0.1,26,46,197,217,187,227,0.84,"Peptide-N-glycosidase F, C terminal"
N-glycanase_C,PF09113,137,DTR_791111_3,-,829,0.042,13.8,0.7,2,2,0.0088,31,4.5,0.1,10,42,267,296,256,331,0.75,"Peptide-N-glycosidase F, C terminal"
TGFb_propeptide,PF00688,242,DTR_065955_24,-,210,0.18,11.7,0,1,1,1.1e-5,0.24,11.2,0,109,133,53,77,5,95,0.79,TGF-beta propeptide
Pico_P1A,PF02226,68,DTR_482361_12,-,312,0.11,12.8,0.2,1,2,3.8e-4,2.6,8.4,0.1,11,38,67,94,60,105,0.86,Picornavirus coat protein (VP4)
Pico_P1A,PF02226,68,DTR_482361_12,-,312,0.11,12.8,0.2,2,2,0.042,290,1.8,0,8,28,132,152,127,154,0.86,Picornavirus coat protein (VP4)
Asp_Arg_Hydrox,PF05118,157,DTR_329201_16,-,302,0.13,12.3,0,1,1,1.4e-5,0.28,11.2,0,116,140,273,297,269,300,0.91,Aspartyl/Asparaginyl beta-hydroxylase
N-glycanase_C,PF09113,137,DTR_581654_3,-,829,0.042,13.8,0.7,1,2,0.0022,7.6,6.5,0.1,26,46,197,217,187,227,0.84,"Peptide-N-glycosidase F, C terminal"
N-glycanase_C,PF09113,137,DTR_581654_3,-,829,0.042,13.8,0.7,2,2,0.0088,31,4.5,0.1,10,42,267,296,256,331,0.75,"Peptide-N-glycosidase F, C terminal"
Reelin_subrepeat-B,PF21471,127,DTR_167159_8,-,283,0.079,12.9,0,1,1,6.3e-6,0.13,12.2,0,41,87,148,194,126,237,0.67,Reelin subrepeat B
CBM64,PF18666,74,DTR_512611_9,-,190,0.07,13.4,0.1,1,3,1.1,7500,-2.7,0,52,64,8,20,4,25,0.72,Carbohydrate-binding module 64
CBM64,PF18666,74,DTR_512611_9,-,190,0.07,13.4,0.1,2,3,0.0086,59,4,0.1,41,72,69,100,51,102,0.91,Carbohydrate-binding module 64
CBM64,PF18666,74,DTR_512611_9,-,190,0.07,13.4,0.1,3,3,0.0013,9.2,6.6,0,32,64,122,154,103,162,0.81,Carbohydrate-binding module 64
P2_N,PF18628,127,DTR_051020_15,-,273,2.3e-26,92.3,0.1,1,2,1.2e-25,2.4e-21,76.1,0,4,125,7,138,5,140,0.93,Viral coat protein P2 N-terminal domain
P2_N,PF18628,127,DTR_051020_15,-,273,2.3e-26,92.3,0.1,2,2,1.6e-6,0.033,14.2,0,38,82,183,227,175,267,0.84,Viral coat protein P2 N-terminal domain
N-glycanase_C,PF09113,137,DTR_617333_3,-,829,0.042,13.8,0.7,1,2,0.0022,7.6,6.5,0.1,26,46,197,217,187,227,0.84,"Peptide-N-glycosidase F, C terminal"
N-glycanase_C,PF09113,137,DTR_617333_3,-,829,0.042,13.8,0.7,2,2,0.0088,31,4.5,0.1,10,42,267,296,256,331,0.75,"Peptide-N-glycosidase F, C terminal"
Thioredoxin_10,PF17991,142,DTR_415565_9,-,508,7.3e-4,20.3,0.1,1,2,6.9e-7,0.014,16.1,0,58,132,244,317,237,321,0.88,Thioredoxin like C-terminal domain
Thioredoxin_10,PF17991,142,DTR_415565_9,-,508,7.3e-4,20.3,0.1,2,2,0.021,440,1.6,0,43,82,352,388,342,396,0.87,Thioredoxin like C-terminal domain
Lyase_N,PF09092,166,DTR_415565_22,-,107,0.094,12.7,0,1,1,4.7e-6,0.099,12.7,0,6,80,8,83,3,104,0.78,"Lyase, N terminal"
BclA_C,PF18573,128,DTR_287109_11,-,442,2.6e-4,21.1,1.2,1,1,6e-8,4.1e-4,20.4,1.2,9,127,320,437,312,438,0.85,BclA C-terminal domain
N-glycanase_C,PF09113,137,DTR_528305_15,-,829,0.046,13.6,0.5,1,2,0.0031,13,5.7,0.1,26,46,197,217,188,227,0.84,"Peptide-N-glycosidase F, C terminal"
N-glycanase_C,PF09113,137,DTR_528305_15,-,829,0.046,13.6,0.5,2,2,0.0053,22,5,0,10,42,267,296,256,330,0.75,"Peptide-N-glycosidase F, C terminal"
Polysacc_lyase,PF14099,211,DTR_330594_17,-,1851,1.9e-4,21.5,8.1,1,3,0.016,84,3.1,0.4,125,208,124,200,74,202,0.69,Polysaccharide lyase
Polysacc_lyase,PF14099,211,DTR_330594_17,-,1851,1.9e-4,21.5,8.1,2,3,0.042,220,1.8,0.1,110,152,389,433,349,458,0.65,Polysaccharide lyase
Polysacc_lyase,PF14099,211,DTR_330594_17,-,1851,1.9e-4,21.5,8.1,3,3,1.9e-7,0.001,19.2,0.3,71,178,986,1109,970,1119,0.76,Polysaccharide lyase
P2_N,PF18628,127,DTR_265978_11,-,272,4.9000000000000005e-27,94.5,0.1,1,2,9.7e-29,2e-24,86,0,4,127,8,136,5,136,0.95,Viral coat protein P2 N-terminal domain
P2_N,PF18628,127,DTR_265978_11,-,272,4.9000000000000005e-27,94.5,0.1,2,2,3.8e-4,8,6.5,0,22,64,169,206,149,227,0.85,Viral coat protein P2 N-terminal domain
N-glycanase_C,PF09113,137,DTR_851568_3,-,829,0.042,13.8,0.7,1,2,0.0022,7.6,6.5,0.1,26,46,197,217,187,227,0.84,"Peptide-N-glycosidase F, C terminal"
N-glycanase_C,PF09113,137,DTR_851568_3,-,829,0.042,13.8,0.7,2,2,0.0088,31,4.5,0.1,10,42,267,296,256,331,0.75,"Peptide-N-glycosidase F, C terminal"
Waikav_capsid_1,PF12264,197,DTR_197547_15,-,521,0.14,11.9,0.1,1,1,6.7e-5,0.23,11.1,0.1,85,137,330,382,321,388,0.88,Waikavirus capsid protein 1
Pro_3_hydrox_C,PF05373,101,DTR_672309_10,-,108,0.055,13.9,0.2,1,1,8.2e-6,0.085,13.3,0.2,64,99,63,99,56,101,0.84,"L-proline 3-hydroxylase, C-terminal"
Thioredoxin_10,PF17991,142,DTR_833160_9,-,508,7.3e-4,20.3,0.1,1,2,6.9e-7,0.014,16.1,0,58,132,244,317,237,321,0.88,Thioredoxin like C-terminal domain
Thioredoxin_10,PF17991,142,DTR_833160_9,-,508,7.3e-4,20.3,0.1,2,2,0.021,440,1.6,0,43,82,352,388,342,396,0.87,Thioredoxin like C-terminal domain
Lyase_N,PF09092,166,DTR_833160_22,-,107,0.094,12.7,0,1,1,4.7e-6,0.099,12.7,0,6,80,8,83,3,104,0.78,"Lyase, N terminal"
N-glycanase_C,PF09113,137,DTR_785130_15,-,829,0.042,13.8,0.7,1,2,0.0022,7.6,6.5,0.1,26,46,197,217,187,227,0.84,"Peptide-N-glycosidase F, C terminal"
N-glycanase_C,PF09113,137,DTR_785130_15,-,829,0.042,13.8,0.7,2,2,0.0088,31,4.5,0.1,10,42,267,296,256,331,0.75,"Peptide-N-glycosidase F, C terminal"
N-glycanase_C,PF09113,137,DTR_841340_15,-,829,0.06,13.3,0.5,1,2,0.0026,7.7,6.4,0.1,26,46,197,217,187,226,0.84,"Peptide-N-glycosidase F, C terminal"
N-glycanase_C,PF09113,137,DTR_841340_15,-,829,0.06,13.3,0.5,2,2,0.018,53,3.7,0,11,42,268,296,263,331,0.75,"Peptide-N-glycosidase F, C terminal"
CBM64,PF18666,74,DTR_786518_1,-,190,0.07,13.4,0.1,1,3,1.1,7500,-2.7,0,52,64,8,20,4,25,0.72,Carbohydrate-binding module 64
CBM64,PF18666,74,DTR_786518_1,-,190,0.07,13.4,0.1,2,3,0.0086,59,4,0.1,41,72,69,100,51,102,0.91,Carbohydrate-binding module 64
CBM64,PF18666,74,DTR_786518_1,-,190,0.07,13.4,0.1,3,3,0.0013,9.2,6.6,0,32,64,122,154,103,162,0.81,Carbohydrate-binding module 64
Dicistro_VP4,PF11492,57,DTR_099178_22,-,332,0.032,14.4,0.8,1,2,3.4e-4,2.3,8.4,0.1,28,47,109,131,107,137,0.76,"Cricket paralysis virus, VP4"
Dicistro_VP4,PF11492,57,DTR_099178_22,-,332,0.032,14.4,0.8,2,2,0.0092,64,3.8,0.1,14,38,173,197,168,214,0.79,"Cricket paralysis virus, VP4"
N-glycanase_C,PF09113,137,DTR_831911_15,-,829,0.041,13.8,0.7,1,2,0.0018,7.6,6.5,0.1,26,46,197,217,187,227,0.84,"Peptide-N-glycosidase F, C terminal"
N-glycanase_C,PF09113,137,DTR_831911_15,-,829,0.041,13.8,0.7,2,2,0.0073,31,4.5,0.1,10,42,267,296,256,331,0.75,"Peptide-N-glycosidase F, C terminal"
P2_N,PF18628,127,DTR_037642_23,-,274,7.8e-24,84.1,0.6,1,2,2e-23,4.1e-19,68.9,0,5,124,9,137,6,142,0.81,Viral coat protein P2 N-terminal domain
P2_N,PF18628,127,DTR_037642_23,-,274,7.8e-24,84.1,0.6,2,2,3.3e-6,0.069,13.2,0.1,7,66,159,214,155,268,0.78,Viral coat protein P2 N-terminal domain
N-glycanase_C,PF09113,137,DTR_540212_3,-,829,0.043,13.7,0.7,1,2,0.0018,7.6,6.5,0.1,26,46,197,217,187,227,0.84,"Peptide-N-glycosidase F, C terminal"
N-glycanase_C,PF09113,137,DTR_540212_3,-,829,0.043,13.7,0.7,2,2,0.0073,31,4.5,0.1,10,42,267,296,256,331,0.75,"Peptide-N-glycosidase F, C terminal"
P2_N,PF18628,127,DTR_037665_9,-,272,4.9000000000000005e-27,94.5,0.1,1,2,9.7e-29,2e-24,86,0,4,127,8,136,5,136,0.95,Viral coat protein P2 N-terminal domain
P2_N,PF18628,127,DTR_037665_9,-,272,4.9000000000000005e-27,94.5,0.1,2,2,3.8e-4,8,6.5,0,22,64,169,206,149,227,0.85,Viral coat protein P2 N-terminal domain
Thioredoxin_10,PF17991,142,DTR_508166_19,-,500,0.0027,18.5,0,1,2,8.5e-7,0.018,15.8,0,57,132,235,309,228,313,0.88,Thioredoxin like C-terminal domain
Thioredoxin_10,PF17991,142,DTR_508166_19,-,500,0.0027,18.5,0,2,2,0.093,1900,-0.5,0,43,82,344,380,338,388,0.86,Thioredoxin like C-terminal domain
CE2_N,PF17996,108,DTR_648821_1,-,554,0.0042,17.3,1.5,1,3,0.5,3400,-1.7,0,23,38,30,45,24,54,0.7,Carbohydrate esterase 2 N-terminal
CE2_N,PF17996,108,DTR_648821_1,-,554,0.0042,17.3,1.5,2,3,0.0012,8.3,6.7,0.6,1,78,91,172,91,174,0.82,Carbohydrate esterase 2 N-terminal
CE2_N,PF17996,108,DTR_648821_1,-,554,0.0042,17.3,1.5,3,3,5.3e-4,3.7,7.9,0,40,79,260,298,222,303,0.78,Carbohydrate esterase 2 N-terminal
Cucumo_coat,PF00760,175,DTR_124782_2,-,75,0.1,12.4,0,1,1,1.2e-5,0.12,12.1,0,131,158,9,36,3,48,0.78,Cucumovirus coat protein
HgmA_N,PF20510,273,DTR_078632_7,-,143,0.12,11.8,0.1,1,1,3.1e-5,0.16,11.4,0.1,49,129,4,82,2,92,0.88,"Homogentisate 1,2-dioxygenase N-terminal"
N-glycanase_C,PF09113,137,DTR_769635_3,-,827,0.042,13.8,0.7,1,2,0.0026,7.6,6.5,0.1,26,46,197,217,187,227,0.84,"Peptide-N-glycosidase F, C terminal"
N-glycanase_C,PF09113,137,DTR_769635_3,-,827,0.042,13.8,0.7,2,2,0.01,30,4.5,0.1,10,42,267,296,256,331,0.75,"Peptide-N-glycosidase F, C terminal"
N-glycanase_C,PF09113,137,DTR_753283_15,-,829,0.042,13.8,0.7,1,2,0.0022,7.6,6.5,0.1,26,46,197,217,187,227,0.84,"Peptide-N-glycosidase F, C terminal"
N-glycanase_C,PF09113,137,DTR_753283_15,-,829,0.042,13.8,0.7,2,2,0.0088,31,4.5,0.1,10,42,267,296,256,331,0.75,"Peptide-N-glycosidase F, C terminal"
TT_ORF1,PF02956,525,DTR_331513_3,-,184,4.2,6.1,8,1,1,5.4e-4,5.6,5.7,8,24,69,5,46,2,60,0.47,TT viral orf 1
Collagen_bind,PF05737,131,DTR_520055_9,-,290,0.029,14.8,0.2,1,1,2.2e-5,0.056,13.8,0.2,29,69,160,200,158,222,0.8,Collagen binding domain
N-glycanase_C,PF09113,137,DTR_800219_15,-,830,0.026,14.5,0.4,1,2,0.0015,6.3,6.7,0,25,46,196,217,179,227,0.84,"Peptide-N-glycosidase F, C terminal"
N-glycanase_C,PF09113,137,DTR_800219_15,-,830,0.026,14.5,0.4,2,2,0.0074,31,4.5,0.1,10,42,267,296,256,331,0.75,"Peptide-N-glycosidase F, C terminal"
Cupin_3,PF05899,74,DTR_311022_11,-,387,0.003,17.4,0.2,1,3,4.3e-4,2.2,8.2,0,28,66,47,82,26,85,0.82,EutQ-like cupin domain
Cupin_3,PF05899,74,DTR_311022_11,-,387,0.003,17.4,0.2,2,3,0.022,110,2.7,0,28,58,79,109,76,117,0.84,EutQ-like cupin domain
Cupin_3,PF05899,74,DTR_311022_11,-,387,0.003,17.4,0.2,3,3,0.01,52,3.8,0,31,56,190,213,187,225,0.83,EutQ-like cupin domain
Thioredoxin_10,PF17991,142,DTR_719332_15,-,502,0.0018,19,0,1,2,9.5e-7,0.0098,16.6,0,56,132,236,311,230,315,0.9,Thioredoxin like C-terminal domain
Thioredoxin_10,PF17991,142,DTR_719332_15,-,502,0.0018,19,0,2,2,0.21,2200,-0.7,0,43,82,346,382,343,390,0.84,Thioredoxin like C-terminal domain
BclA_C,PF18573,128,DTR_324563_15,-,417,0.16,12.1,9.9,1,2,0.16,1100,-0.3,1,17,17,258,258,176,297,0.57,BclA C-terminal domain
BclA_C,PF18573,128,DTR_324563_15,-,417,0.16,12.1,9.9,2,2,4.8e-6,0.033,14.3,4.7,20,107,296,394,272,414,0.7,BclA C-terminal domain
Asp_Arg_Hydrox,PF05118,157,DTR_233705_3,-,161,0.12,12.4,0,1,1,1.6e-5,0.17,11.9,0,77,111,56,90,43,107,0.8,Aspartyl/Asparaginyl beta-hydroxylase
N-glycanase_C,PF09113,137,DTR_849469_3,-,829,0.041,13.8,0.7,1,2,0.0026,7.6,6.5,0.1,26,46,197,217,187,227,0.84,"Peptide-N-glycosidase F, C terminal"
N-glycanase_C,PF09113,137,DTR_849469_3,-,829,0.041,13.8,0.7,2,2,0.01,31,4.5,0.1,10,42,267,296,256,331,0.75,"Peptide-N-glycosidase F, C terminal"
N-glycanase_C,PF09113,137,DTR_791076_3,-,829,0.042,13.8,0.7,1,2,0.0022,7.6,6.5,0.1,26,46,197,217,187,227,0.84,"Peptide-N-glycosidase F, C terminal"
N-glycanase_C,PF09113,137,DTR_791076_3,-,829,0.042,13.8,0.7,2,2,0.0088,31,4.5,0.1,10,42,267,296,256,331,0.75,"Peptide-N-glycosidase F, C terminal"
Reelin_subrepeat-B,PF21471,127,DTR_357669_10,-,620,0.13,12.2,0.1,1,2,5.3e-5,0.55,10.2,0.1,57,77,47,70,24,100,0.77,Reelin subrepeat B
Reelin_subrepeat-B,PF21471,127,DTR_357669_10,-,620,0.13,12.2,0.1,2,2,0.22,2300,-1.5,0,60,77,283,311,275,328,0.64,Reelin subrepeat B
CBM64,PF18666,74,DTR_518625_2,-,190,0.07,13.4,0.1,1,3,1.1,7500,-2.7,0,52,64,8,20,4,25,0.72,Carbohydrate-binding module 64
CBM64,PF18666,74,DTR_518625_2,-,190,0.07,13.4,0.1,2,3,0.0086,59,4,0.1,41,72,69,100,51,102,0.91,Carbohydrate-binding module 64
CBM64,PF18666,74,DTR_518625_2,-,190,0.07,13.4,0.1,3,3,0.0013,9.2,6.6,0,32,64,122,154,103,162,0.81,Carbohydrate-binding module 64
N-glycanase_C,PF09113,137,DTR_818643_15,-,829,0.04,13.9,0.6,1,2,0.0018,7.6,6.5,0.1,26,46,197,217,187,227,0.84,"Peptide-N-glycosidase F, C terminal"
N-glycanase_C,PF09113,137,DTR_818643_15,-,829,0.04,13.9,0.6,2,2,0.0075,31,4.5,0,10,42,267,296,256,330,0.75,"Peptide-N-glycosidase F, C terminal"
YpM,PF09144,117,DTR_655833_7,-,184,0.17,12.3,0.4,1,1,6.8e-5,0.35,11.2,0.2,37,79,101,143,94,153,0.86,Yersinia pseudo-tuberculosis mitogen
Thioredoxin_10,PF17991,142,DTR_623112_22,-,502,0.0018,19,0,1,2,9.5e-7,0.0098,16.6,0,56,132,236,311,230,315,0.9,Thioredoxin like C-terminal domain
Thioredoxin_10,PF17991,142,DTR_623112_22,-,502,0.0018,19,0,2,2,0.21,2200,-0.7,0,43,82,346,382,343,390,0.84,Thioredoxin like C-terminal domain
CE2_N,PF17996,108,DTR_090134_18,-,198,0.12,12.6,0,1,2,4.1e-5,0.86,9.9,0,7,47,47,90,45,91,0.77,Carbohydrate esterase 2 N-terminal
CE2_N,PF17996,108,DTR_090134_18,-,198,0.12,12.6,0,2,2,0.036,760,0.4,0,17,70,106,159,101,167,0.65,Carbohydrate esterase 2 N-terminal
DUF4621,PF15414,329,DTR_243530_7,-,78,0.0087,15.2,0,1,1,4.3e-7,0.0088,15.2,0,179,224,10,55,3,73,0.9,Protein of unknown function (DUF4621)
N-glycanase_C,PF09113,137,DTR_839786_15,-,829,0.044,13.7,0.7,1,2,0.0022,7.6,6.5,0.1,26,46,197,217,187,227,0.84,"Peptide-N-glycosidase F, C terminal"
N-glycanase_C,PF09113,137,DTR_839786_15,-,829,0.044,13.7,0.7,2,2,0.0088,31,4.5,0.1,10,42,267,296,256,331,0.75,"Peptide-N-glycosidase F, C terminal"
N-glycanase_C,PF09113,137,DTR_825063_15,-,829,0.04,13.9,0.7,1,2,0.0026,7.6,6.5,0.1,26,46,197,217,187,227,0.84,"Peptide-N-glycosidase F, C terminal"
N-glycanase_C,PF09113,137,DTR_825063_15,-,829,0.04,13.9,0.7,2,2,0.01,31,4.5,0.1,10,42,267,296,256,331,0.75,"Peptide-N-glycosidase F, C terminal"
N-glycanase_C,PF09113,137,DTR_835250_3,-,829,0.041,13.8,0.7,1,2,0.0018,7.6,6.5,0.1,26,46,197,217,187,227,0.84,"Peptide-N-glycosidase F, C terminal"
N-glycanase_C,PF09113,137,DTR_835250_3,-,829,0.041,13.8,0.7,2,2,0.0073,31,4.5,0.1,10,42,267,296,256,331,0.75,"Peptide-N-glycosidase F, C terminal"
Cupin_3,PF05899,74,DTR_304214_2,-,387,0.003,17.4,0.2,1,3,4.3e-4,2.2,8.2,0,28,66,47,82,26,85,0.82,EutQ-like cupin domain
Cupin_3,PF05899,74,DTR_304214_2,-,387,0.003,17.4,0.2,2,3,0.022,110,2.7,0,28,58,79,109,76,117,0.84,EutQ-like cupin domain
Cupin_3,PF05899,74,DTR_304214_2,-,387,0.003,17.4,0.2,3,3,0.01,52,3.8,0,31,56,190,213,187,225,0.83,EutQ-like cupin domain
N-glycanase_C,PF09113,137,DTR_832976_15,-,829,0.044,13.7,0.7,1,2,0.0022,7.6,6.5,0.1,26,46,197,217,187,227,0.84,"Peptide-N-glycosidase F, C terminal"
N-glycanase_C,PF09113,137,DTR_832976_15,-,829,0.044,13.7,0.7,2,2,0.0088,31,4.5,0.1,10,42,267,296,256,331,0.75,"Peptide-N-glycosidase F, C terminal"
CBM_35_2,PF18099,112,DTR_255641_9,-,405,0.15,12.5,0.3,1,3,0.0019,13,6.2,0,33,81,18,68,16,79,0.79,Carbohydrate binding module (family 35)
CBM_35_2,PF18099,112,DTR_255641_9,-,405,0.15,12.5,0.3,2,3,0.67,4700,-2,0,18,33,91,107,79,115,0.67,Carbohydrate binding module (family 35)
CBM_35_2,PF18099,112,DTR_255641_9,-,405,0.15,12.5,0.3,3,3,0.019,130,3,0,26,58,266,298,260,307,0.9,Carbohydrate binding module (family 35)
P2_N,PF18628,127,DTR_208552_8,-,280,2.3e-27,95.5,0.9,1,2,2.5e-30,5.2e-26,91.2,0.3,4,127,15,143,12,143,0.97,Viral coat protein P2 N-terminal domain
P2_N,PF18628,127,DTR_208552_8,-,280,2.3e-27,95.5,0.9,2,2,0.0044,92,3.1,0,39,82,195,237,186,256,0.87,Viral coat protein P2 N-terminal domain
P2_N,PF18628,127,DTR_265689_9,-,272,4.9000000000000005e-27,94.5,0.1,1,2,9.7e-29,2e-24,86,0,4,127,8,136,5,136,0.95,Viral coat protein P2 N-terminal domain
P2_N,PF18628,127,DTR_265689_9,-,272,4.9000000000000005e-27,94.5,0.1,2,2,3.8e-4,8,6.5,0,22,64,169,206,149,227,0.85,Viral coat protein P2 N-terminal domain
Phage_Capsid_P3,PF09018,394,DTR_300199_1,-,67,0.018,14.1,0.1,1,1,9.8e-7,0.02,13.9,0.1,153,204,11,63,2,65,0.82,P3 major capsid protein
Thioredoxin_10,PF17991,142,DTR_848521_19,-,505,6.7e-4,20.4,0,1,2,6.1e-7,0.0042,17.8,0,56,132,239,314,233,318,0.9,Thioredoxin like C-terminal domain
Thioredoxin_10,PF17991,142,DTR_848521_19,-,505,6.7e-4,20.4,0,2,2,0.28,1900,-0.5,0,43,82,349,385,345,393,0.85,Thioredoxin like C-terminal domain
Thioredoxin_10,PF17991,142,DTR_806832_9,-,502,0.0018,19,0,1,2,9.5e-7,0.0098,16.6,0,56,132,236,311,230,315,0.9,Thioredoxin like C-terminal domain
Thioredoxin_10,PF17991,142,DTR_806832_9,-,502,0.0018,19,0,2,2,0.21,2200,-0.7,0,43,82,346,382,343,390,0.84,Thioredoxin like C-terminal domain
Polysacc_lyase-like,PF21340,209,DTR_203355_16,-,680,0.018,14.8,1.4,1,2,3.2e-6,0.067,12.9,0.4,18,91,34,106,24,114,0.82,"Cip1-like, core domain"
Polysacc_lyase-like,PF21340,209,DTR_203355_16,-,680,0.018,14.8,1.4,2,2,0.034,710,-0.2,0,35,56,518,539,513,569,0.83,"Cip1-like, core domain"
BclA_C,PF18573,128,DTR_073934_12,-,252,0.0077,16.3,5.6,1,2,0.33,1700,-1,0.3,43,63,64,84,57,100,0.8,BclA C-terminal domain
BclA_C,PF18573,128,DTR_073934_12,-,252,0.0077,16.3,5.6,2,2,1.5e-6,0.0077,16.3,5.6,5,107,116,227,112,250,0.68,BclA C-terminal domain
Asp_Arg_Hydrox,PF05118,157,DTR_073934_17,-,302,0.11,12.6,0,1,1,2.2e-5,0.23,11.5,0,116,140,273,297,268,300,0.88,Aspartyl/Asparaginyl beta-hydroxylase
N-glycanase_C,PF09113,137,DTR_673045_15,-,829,0.04,13.8,0.7,1,2,0.0015,7.6,6.5,0.1,26,46,197,217,187,227,0.84,"Peptide-N-glycosidase F, C terminal"
N-glycanase_C,PF09113,137,DTR_673045_15,-,829,0.04,13.8,0.7,2,2,0.0059,31,4.5,0.1,10,42,267,296,256,331,0.75,"Peptide-N-glycosidase F, C terminal"
Lyase_N,PF09092,166,DTR_833096_2,-,107,0.094,12.7,0,1,1,4.7e-6,0.099,12.7,0,6,80,8,83,3,104,0.78,"Lyase, N terminal"
Thioredoxin_10,PF17991,142,DTR_833096_15,-,508,7.3e-4,20.3,0.1,1,2,6.9e-7,0.014,16.1,0,58,132,244,317,237,321,0.88,Thioredoxin like C-terminal domain
Thioredoxin_10,PF17991,142,DTR_833096_15,-,508,7.3e-4,20.3,0.1,2,2,0.021,440,1.6,0,43,82,352,388,342,396,0.87,Thioredoxin like C-terminal domain
P2_N,PF18628,127,DTR_265302_18,-,271,3.9e-33,114.2,0,1,2,2.4e-33,1.7e-29,102.5,0,3,126,7,135,5,136,0.95,Viral coat protein P2 N-terminal domain
P2_N,PF18628,127,DTR_265302_18,-,271,3.9e-33,114.2,0,2,2,1.1e-4,0.8,9.7,0,19,66,165,208,153,227,0.83,Viral coat protein P2 N-terminal domain
N-glycanase_C,PF09113,137,DTR_863245_15,-,829,0.042,13.8,0.6,1,2,0.0026,7.6,6.5,0.1,26,46,197,217,187,227,0.84,"Peptide-N-glycosidase F, C terminal"
N-glycanase_C,PF09113,137,DTR_863245_15,-,829,0.042,13.8,0.6,2,2,0.011,32,4.5,0,10,41,267,295,256,329,0.75,"Peptide-N-glycosidase F, C terminal"
CBM64,PF18666,74,DTR_830853_9,-,190,0.07,13.4,0.1,1,3,1.1,7500,-2.7,0,52,64,8,20,4,25,0.72,Carbohydrate-binding module 64
CBM64,PF18666,74,DTR_830853_9,-,190,0.07,13.4,0.1,2,3,0.0086,59,4,0.1,41,72,69,100,51,102,0.91,Carbohydrate-binding module 64
CBM64,PF18666,74,DTR_830853_9,-,190,0.07,13.4,0.1,3,3,0.0013,9.2,6.6,0,32,64,122,154,103,162,0.81,Carbohydrate-binding module 64
N-glycanase_C,PF09113,137,DTR_787027_15,-,829,0.042,13.8,0.7,1,2,0.0022,7.6,6.5,0.1,26,46,197,217,187,227,0.84,"Peptide-N-glycosidase F, C terminal"
N-glycanase_C,PF09113,137,DTR_787027_15,-,829,0.042,13.8,0.7,2,2,0.0088,31,4.5,0.1,10,42,267,296,256,331,0.75,"Peptide-N-glycosidase F, C terminal"
Adeno_hexon_C,PF03678,241,DTR_011528_13,-,109,0.025,14.2,0,1,1,1.5e-6,0.032,13.9,0,121,152,6,37,1,45,0.86,"Hexon, adenovirus major coat protein, C-terminal domain"
N-glycanase_C,PF09113,137,DTR_804839_3,-,794,0.048,13.6,0.7,1,2,0.0017,7.3,6.5,0.1,26,46,197,217,187,227,0.84,"Peptide-N-glycosidase F, C terminal"
N-glycanase_C,PF09113,137,DTR_804839_3,-,794,0.048,13.6,0.7,2,2,0.007,29,4.6,0.1,10,42,267,296,256,331,0.75,"Peptide-N-glycosidase F, C terminal"
Capsid_N,PF16903,207,DTR_024522_11,-,523,0.079,12.7,0,1,1,2e-5,0.42,10.3,0,64,116,90,138,67,247,0.77,Major capsid protein N-terminus
Toxin_R_bind_N,PF07953,195,DTR_892420_4,-,265,3.1e-6,27.2,0.7,1,1,8.6e-10,5.9e-6,26.3,0.3,51,162,38,139,23,178,0.75,"Clostridium neurotoxin, N-terminal receptor binding"
N-glycanase_C,PF09113,137,DTR_775510_3,-,829,0.041,13.8,0.7,1,2,0.0018,7.6,6.5,0.1,26,46,197,217,187,227,0.84,"Peptide-N-glycosidase F, C terminal"
N-glycanase_C,PF09113,137,DTR_775510_3,-,829,0.041,13.8,0.7,2,2,0.0073,31,4.5,0.1,10,42,267,296,256,331,0.75,"Peptide-N-glycosidase F, C terminal"
CBM64,PF18666,74,DTR_422455_2,-,190,0.07,13.4,0.1,1,3,1.1,7500,-2.7,0,52,64,8,20,4,25,0.72,Carbohydrate-binding module 64
CBM64,PF18666,74,DTR_422455_2,-,190,0.07,13.4,0.1,2,3,0.0086,59,4,0.1,41,72,69,100,51,102,0.91,Carbohydrate-binding module 64
CBM64,PF18666,74,DTR_422455_2,-,190,0.07,13.4,0.1,3,3,0.0013,9.2,6.6,0,32,64,122,154,103,162,0.81,Carbohydrate-binding module 64
Polysacc_lyase,PF14099,211,DTR_346684_13,-,173,0.0098,16,0.5,1,1,6.3e-7,0.013,15.6,0.5,60,99,107,146,91,167,0.83,Polysaccharide lyase
BclA_C,PF18573,128,DTR_065945_24,-,413,0.0019,18.3,4.8,1,2,0.013,260,1.7,1.8,69,109,41,82,20,87,0.75,BclA C-terminal domain
BclA_C,PF18573,128,DTR_065945_24,-,413,0.0019,18.3,4.8,2,2,9.1e-8,0.0019,18.3,4.8,4,103,276,386,273,404,0.63,BclA C-terminal domain
CspB_prodomain,PF18425,89,DTR_346876_10,-,847,0.034,14.3,0.6,1,2,0.0013,7,6.9,0.1,71,89,245,263,243,263,0.9,Csp protease B prodomain
CspB_prodomain,PF18425,89,DTR_346876_10,-,847,0.034,14.3,0.6,2,2,0.0058,30,4.9,0,16,60,437,480,430,498,0.8,Csp protease B prodomain
Cucumo_coat,PF00760,175,DTR_676592_4,-,75,0.1,12.4,0,1,1,1.2e-5,0.12,12.1,0,131,158,9,36,3,48,0.78,Cucumovirus coat protein
Polysacc_lyase,PF14099,211,DTR_330543_8,-,1851,1.9e-4,21.5,8.1,1,3,0.016,84,3.1,0.4,125,208,124,200,74,202,0.69,Polysaccharide lyase
Polysacc_lyase,PF14099,211,DTR_330543_8,-,1851,1.9e-4,21.5,8.1,2,3,0.042,220,1.8,0.1,110,152,389,433,349,458,0.65,Polysaccharide lyase
Polysacc_lyase,PF14099,211,DTR_330543_8,-,1851,1.9e-4,21.5,8.1,3,3,1.9e-7,0.001,19.2,0.3,71,178,986,1109,970,1119,0.76,Polysaccharide lyase
N-glycanase_C,PF09113,137,DTR_532795_15,-,829,0.043,13.7,0.5,1,2,0.0037,13,5.7,0.1,26,46,197,217,187,227,0.84,"Peptide-N-glycosidase F, C terminal"
N-glycanase_C,PF09113,137,DTR_532795_15,-,829,0.043,13.7,0.5,2,2,0.0061,21,5,0,10,42,267,296,256,330,0.74,"Peptide-N-glycosidase F, C terminal"
CBM64,PF18666,74,DTR_524980_10,-,190,0.078,13.3,0.1,1,3,1.1,7500,-2.7,0,52,64,8,20,4,25,0.72,Carbohydrate-binding module 64
CBM64,PF18666,74,DTR_524980_10,-,190,0.078,13.3,0.1,2,3,0.0086,59,4,0.1,41,72,69,100,51,102,0.91,Carbohydrate-binding module 64
CBM64,PF18666,74,DTR_524980_10,-,190,0.078,13.3,0.1,3,3,0.0015,10,6.5,0,32,63,122,153,103,162,0.81,Carbohydrate-binding module 64
N-glycanase_C,PF09113,137,DTR_794736_15,-,829,0.043,13.8,0.7,1,2,0.0022,7.6,6.5,0.1,26,46,197,217,187,227,0.84,"Peptide-N-glycosidase F, C terminal"
N-glycanase_C,PF09113,137,DTR_794736_15,-,829,0.043,13.8,0.7,2,2,0.0088,31,4.5,0.1,10,42,267,296,256,331,0.75,"Peptide-N-glycosidase F, C terminal"
TT_ORF1,PF02956,525,DTR_264223_11,-,189,0.046,12.6,1.8,1,1,2.5e-6,0.053,12.4,1.8,28,72,3,43,1,75,0.66,TT viral orf 1
Polyhedrin,PF00738,232,DTR_534463_11,-,108,0.1,12.1,0.1,1,1,1.9e-5,0.13,11.8,0.1,23,75,42,92,6,100,0.84,Polyhedrin
N-glycanase_C,PF09113,137,DTR_739153_3,-,829,0.042,13.8,0.7,1,2,0.0022,7.6,6.5,0.1,26,46,197,217,187,227,0.84,"Peptide-N-glycosidase F, C terminal"
N-glycanase_C,PF09113,137,DTR_739153_3,-,829,0.042,13.8,0.7,2,2,0.0088,31,4.5,0.1,10,42,267,296,256,331,0.75,"Peptide-N-glycosidase F, C terminal"
Lyase_N,PF09092,166,DTR_559638_11,-,107,0.098,12.7,0,1,1,4.9e-6,0.1,12.6,0,6,80,8,83,3,104,0.78,"Lyase, N terminal"
Thioredoxin_10,PF17991,142,DTR_559638_26,-,394,0.21,12.3,0,1,2,7.1e-5,1.5,9.6,0,57,132,129,203,121,207,0.88,Thioredoxin like C-terminal domain
Thioredoxin_10,PF17991,142,DTR_559638_26,-,394,0.21,12.3,0,2,2,0.061,1300,0.1,0,43,83,238,275,222,282,0.87,Thioredoxin like C-terminal domain
N-glycanase_C,PF09113,137,DTR_757785_3,-,829,0.071,13,0.2,1,2,0.0021,8.9,6.2,0.1,27,46,198,217,188,226,0.84,"Peptide-N-glycosidase F, C terminal"
N-glycanase_C,PF09113,137,DTR_757785_3,-,829,0.071,13,0.2,2,2,0.017,72,3.3,0,10,35,267,292,262,326,0.8,"Peptide-N-glycosidase F, C terminal"
N-glycanase_C,PF09113,137,DTR_124014_17,-,135,0.12,12.3,0.1,1,1,7.6e-6,0.16,11.9,0.1,81,104,89,112,65,121,0.82,"Peptide-N-glycosidase F, C terminal"
N-glycanase_C,PF09113,137,DTR_524159_15,-,829,0.029,14.3,0.6,1,2,0.0022,7.7,6.4,0.1,26,46,197,217,187,226,0.84,"Peptide-N-glycosidase F, C terminal"
N-glycanase_C,PF09113,137,DTR_524159_15,-,829,0.029,14.3,0.6,2,2,0.0062,21,5,0,10,42,267,296,256,331,0.75,"Peptide-N-glycosidase F, C terminal"
GalBD_like,PF17974,190,DTR_179950_15,-,214,0.012,15.8,0.1,1,2,0.012,250,1.7,0,41,68,9,36,5,41,0.89,Galactose-binding domain-like
GalBD_like,PF17974,190,DTR_179950_15,-,214,0.012,15.8,0.1,2,2,1e-5,0.21,11.7,0.1,120,170,139,189,137,204,0.92,Galactose-binding domain-like
Cupin_3,PF05899,74,DTR_304125_15,-,387,0.003,17.4,0.2,1,3,4.3e-4,2.2,8.2,0,28,66,47,82,26,85,0.82,EutQ-like cupin domain
Cupin_3,PF05899,74,DTR_304125_15,-,387,0.003,17.4,0.2,2,3,0.022,110,2.7,0,28,58,79,109,76,117,0.84,EutQ-like cupin domain
Cupin_3,PF05899,74,DTR_304125_15,-,387,0.003,17.4,0.2,3,3,0.01,52,3.8,0,31,56,190,213,187,225,0.83,EutQ-like cupin domain
N-glycanase_C,PF09113,137,DTR_796955_15,-,829,0.023,14.6,0.4,1,2,0.0012,4.9,7.1,0.1,26,46,197,217,184,227,0.84,"Peptide-N-glycosidase F, C terminal"
N-glycanase_C,PF09113,137,DTR_796955_15,-,829,0.023,14.6,0.4,2,2,0.0073,31,4.5,0.1,10,42,267,296,256,331,0.75,"Peptide-N-glycosidase F, C terminal"
N-glycanase_C,PF09113,137,DTR_829513_15,-,829,0.044,13.7,0.7,1,2,0.0022,7.6,6.5,0.1,26,46,197,217,187,227,0.84,"Peptide-N-glycosidase F, C terminal"
N-glycanase_C,PF09113,137,DTR_829513_15,-,829,0.044,13.7,0.7,2,2,0.0088,31,4.5,0.1,10,42,267,296,256,331,0.75,"Peptide-N-glycosidase F, C terminal"
N-glycanase_C,PF09113,137,DTR_853908_15,-,829,0.042,13.8,0.7,1,2,0.0022,7.6,6.5,0.1,26,46,197,217,187,227,0.84,"Peptide-N-glycosidase F, C terminal"
N-glycanase_C,PF09113,137,DTR_853908_15,-,829,0.042,13.8,0.7,2,2,0.0088,31,4.5,0.1,10,42,267,296,256,331,0.75,"Peptide-N-glycosidase F, C terminal"
P2_N,PF18628,127,DTR_648228_4,-,304,1.3e-4,22,0,1,3,9.7e-8,0.002,18.1,0,7,69,18,93,15,151,0.75,Viral coat protein P2 N-terminal domain
P2_N,PF18628,127,DTR_648228_4,-,304,1.3e-4,22,0,2,3,0.12,2500,-1.6,0,38,62,207,231,202,234,0.87,Viral coat protein P2 N-terminal domain
P2_N,PF18628,127,DTR_648228_4,-,304,1.3e-4,22,0,3,3,0.67,14000,-4,0,105,115,272,282,270,289,0.69,Viral coat protein P2 N-terminal domain
CBM64,PF18666,74,DTR_827954_1,-,190,0.07,13.4,0.1,1,3,1.1,7500,-2.7,0,52,64,8,20,4,25,0.72,Carbohydrate-binding module 64
CBM64,PF18666,74,DTR_827954_1,-,190,0.07,13.4,0.1,2,3,0.0086,59,4,0.1,41,72,69,100,51,102,0.91,Carbohydrate-binding module 64
CBM64,PF18666,74,DTR_827954_1,-,190,0.07,13.4,0.1,3,3,0.0013,9.2,6.6,0,32,64,122,154,103,162,0.81,Carbohydrate-binding module 64
N-glycanase_C,PF09113,137,DTR_791778_3,-,829,0.039,13.9,0.6,1,2,0.0019,7.7,6.4,0.1,26,46,197,217,187,226,0.84,"Peptide-N-glycosidase F, C terminal"
N-glycanase_C,PF09113,137,DTR_791778_3,-,829,0.039,13.9,0.6,2,2,0.0071,29,4.6,0,10,41,267,295,256,331,0.73,"Peptide-N-glycosidase F, C terminal"
N-glycanase_C,PF09113,137,DTR_809800_15,-,829,0.042,13.8,0.7,1,2,0.0018,7.6,6.5,0.1,26,46,197,217,187,227,0.84,"Peptide-N-glycosidase F, C terminal"
N-glycanase_C,PF09113,137,DTR_809800_15,-,829,0.042,13.8,0.7,2,2,0.0073,31,4.5,0.1,10,42,267,296,256,331,0.75,"Peptide-N-glycosidase F, C terminal"
N-glycanase_C,PF09113,137,DTR_812149_3,-,829,0.039,13.9,0.7,1,2,0.0018,7.6,6.5,0.1,26,46,197,217,187,227,0.84,"Peptide-N-glycosidase F, C terminal"
N-glycanase_C,PF09113,137,DTR_812149_3,-,829,0.039,13.9,0.7,2,2,0.0073,31,4.5,0.1,10,42,267,296,256,331,0.75,"Peptide-N-glycosidase F, C terminal"
N-glycanase_C,PF09113,137,DTR_186455_3,-,829,0.042,13.8,0.7,1,2,0.0022,7.6,6.5,0.1,26,46,197,217,187,227,0.84,"Peptide-N-glycosidase F, C terminal"
N-glycanase_C,PF09113,137,DTR_186455_3,-,829,0.042,13.8,0.7,2,2,0.0088,31,4.5,0.1,10,42,267,296,256,331,0.75,"Peptide-N-glycosidase F, C terminal"
Polysacc_lyase,PF14099,211,DTR_351853_12,-,173,0.0098,16,0.5,1,1,6.3e-7,0.013,15.6,0.5,60,99,107,146,91,167,0.83,Polysaccharide lyase
N-glycanase_N,PF09112,176,DTR_545312_2,-,186,0.0028,17.7,0.2,1,2,0.01,110,2.8,0,131,167,18,55,4,65,0.8,"Peptide-N-glycosidase F, N terminal"
N-glycanase_N,PF09112,176,DTR_545312_2,-,186,0.0028,17.7,0.2,2,2,6.5e-6,0.067,13.2,0.1,46,124,93,166,60,183,0.7,"Peptide-N-glycosidase F, N terminal"
N-glycanase_C,PF09113,137,DTR_714445_3,-,829,0.042,13.8,0.7,1,2,0.0018,7.6,6.5,0.1,26,46,197,217,187,227,0.84,"Peptide-N-glycosidase F, C terminal"
N-glycanase_C,PF09113,137,DTR_714445_3,-,829,0.042,13.8,0.7,2,2,0.0073,31,4.5,0.1,10,42,267,296,256,331,0.75,"Peptide-N-glycosidase F, C terminal"
N-glycanase_C,PF09113,137,DTR_536071_3,-,829,0.042,13.8,0.7,1,2,0.0026,7.6,6.5,0.1,26,46,197,217,187,227,0.84,"Peptide-N-glycosidase F, C terminal"
N-glycanase_C,PF09113,137,DTR_536071_3,-,829,0.042,13.8,0.7,2,2,0.01,31,4.5,0.1,10,42,267,296,256,331,0.75,"Peptide-N-glycosidase F, C terminal"
Thioredoxin_10,PF17991,142,DTR_561383_20,-,502,0.0018,19.1,0,1,2,9.5e-7,0.0098,16.6,0,56,132,236,311,230,315,0.9,Thioredoxin like C-terminal domain
Thioredoxin_10,PF17991,142,DTR_561383_20,-,502,0.0018,19.1,0,2,2,0.21,2200,-0.7,0,43,82,346,382,343,390,0.84,Thioredoxin like C-terminal domain
N-glycanase_C,PF09113,137,DTR_471347_3,-,829,0.042,13.8,0.7,1,2,0.0018,7.6,6.5,0.1,26,46,197,217,187,227,0.84,"Peptide-N-glycosidase F, C terminal"
N-glycanase_C,PF09113,137,DTR_471347_3,-,829,0.042,13.8,0.7,2,2,0.0073,31,4.5,0.1,10,42,267,296,256,331,0.75,"Peptide-N-glycosidase F, C terminal"
Peptidase_A21,PF03566,653,DTR_065538_8,-,116,0.069,11.6,1.4,1,1,6.3e-6,0.065,11.7,1.4,365,419,9,62,1,98,0.88,Peptidase family A21
N-glycanase_C,PF09113,137,DTR_787691_15,-,829,0.042,13.8,0.7,1,2,0.0022,7.6,6.5,0.1,26,46,197,217,187,227,0.84,"Peptide-N-glycosidase F, C terminal"
N-glycanase_C,PF09113,137,DTR_787691_15,-,829,0.042,13.8,0.7,2,2,0.0088,31,4.5,0.1,10,42,267,296,256,331,0.75,"Peptide-N-glycosidase F, C terminal"
N-glycanase_C,PF09113,137,DTR_742310_3,-,829,0.042,13.8,0.7,1,2,0.0018,7.6,6.5,0.1,26,46,197,217,187,227,0.84,"Peptide-N-glycosidase F, C terminal"
N-glycanase_C,PF09113,137,DTR_742310_3,-,829,0.042,13.8,0.7,2,2,0.0073,31,4.5,0.1,10,42,267,296,256,331,0.75,"Peptide-N-glycosidase F, C terminal"
CspB_prodomain,PF18425,89,DTR_345737_7,-,847,0.034,14.3,0.6,1,2,0.0013,7,6.9,0.1,71,89,245,263,243,263,0.9,Csp protease B prodomain
CspB_prodomain,PF18425,89,DTR_345737_7,-,847,0.034,14.3,0.6,2,2,0.0058,30,4.9,0,16,60,437,480,430,498,0.8,Csp protease B prodomain
N-glycanase_C,PF09113,137,DTR_829403_15,-,829,0.042,13.8,0.7,1,2,0.0018,7.6,6.5,0.1,26,46,197,217,187,227,0.84,"Peptide-N-glycosidase F, C terminal"
N-glycanase_C,PF09113,137,DTR_829403_15,-,829,0.042,13.8,0.7,2,2,0.0073,31,4.5,0.1,10,42,267,296,256,331,0.75,"Peptide-N-glycosidase F, C terminal"
BclA_C,PF18573,128,DTR_229765_6,-,569,0.0048,17,8.8,1,3,0.0066,140,2.6,0,50,77,212,240,209,259,0.83,BclA C-terminal domain
BclA_C,PF18573,128,DTR_229765_6,-,569,0.0048,17,8.8,2,3,0.62,13000,-3.8,0.1,91,106,388,403,384,421,0.5,BclA C-terminal domain
BclA_C,PF18573,128,DTR_229765_6,-,569,0.0048,17,8.8,3,3,4.9e-7,0.01,15.9,3.4,26,99,458,535,449,563,0.81,BclA C-terminal domain
N-glycanase_C,PF09113,137,DTR_696026_15,-,829,0.042,13.8,0.7,1,2,0.0022,7.6,6.5,0.1,26,46,197,217,187,227,0.84,"Peptide-N-glycosidase F, C terminal"
N-glycanase_C,PF09113,137,DTR_696026_15,-,829,0.042,13.8,0.7,2,2,0.0088,31,4.5,0.1,10,42,267,296,256,331,0.75,"Peptide-N-glycosidase F, C terminal"
N-glycanase_C,PF09113,137,DTR_519996_3,-,829,0.042,13.8,0.7,1,2,0.0026,7.6,6.5,0.1,26,46,197,217,187,227,0.84,"Peptide-N-glycosidase F, C terminal"
N-glycanase_C,PF09113,137,DTR_519996_3,-,829,0.042,13.8,0.7,2,2,0.01,31,4.5,0.1,10,42,267,296,256,331,0.75,"Peptide-N-glycosidase F, C terminal"
CBM64,PF18666,74,DTR_532345_10,-,190,0.07,13.4,0.1,1,3,1.1,7500,-2.7,0,52,64,8,20,4,25,0.72,Carbohydrate-binding module 64
CBM64,PF18666,74,DTR_532345_10,-,190,0.07,13.4,0.1,2,3,0.0086,59,4,0.1,41,72,69,100,51,102,0.91,Carbohydrate-binding module 64
CBM64,PF18666,74,DTR_532345_10,-,190,0.07,13.4,0.1,3,3,0.0013,9.2,6.6,0,32,64,122,154,103,162,0.81,Carbohydrate-binding module 64
N-glycanase_C,PF09113,137,DTR_594196_3,-,829,0.042,13.8,0.7,1,2,0.0018,7.6,6.5,0.1,26,46,197,217,187,227,0.84,"Peptide-N-glycosidase F, C terminal"
N-glycanase_C,PF09113,137,DTR_594196_3,-,829,0.042,13.8,0.7,2,2,0.0073,31,4.5,0.1,10,42,267,296,256,331,0.75,"Peptide-N-glycosidase F, C terminal"
N-glycanase_C,PF09113,137,DTR_770757_15,-,829,0.042,13.8,0.7,1,2,0.0022,7.6,6.5,0.1,26,46,197,217,187,227,0.84,"Peptide-N-glycosidase F, C terminal"
N-glycanase_C,PF09113,137,DTR_770757_15,-,829,0.042,13.8,0.7,2,2,0.0088,31,4.5,0.1,10,42,267,296,256,331,0.75,"Peptide-N-glycosidase F, C terminal"
HgmA_N,PF20510,273,DTR_827601_1,-,143,0.12,11.8,0.1,1,1,3.1e-5,0.16,11.4,0.1,49,129,4,82,2,92,0.88,"Homogentisate 1,2-dioxygenase N-terminal"
Tymo_coat,PF00983,179,DTR_315726_20,-,150,0.077,13,0.2,1,1,1.4e-5,0.094,12.7,0.2,66,136,51,124,43,149,0.8,Tymovirus coat protein
N-glycanase_C,PF09113,137,DTR_752672_15,-,829,0.038,13.9,0.7,1,2,0.0022,7.6,6.5,0.1,26,46,197,217,187,227,0.84,"Peptide-N-glycosidase F, C terminal"
N-glycanase_C,PF09113,137,DTR_752672_15,-,829,0.038,13.9,0.7,2,2,0.0088,31,4.5,0.1,10,42,267,296,256,331,0.75,"Peptide-N-glycosidase F, C terminal"
CBM64,PF18666,74,DTR_523277_10,-,190,0.07,13.4,0.1,1,3,1.1,7500,-2.7,0,52,64,8,20,4,25,0.72,Carbohydrate-binding module 64
CBM64,PF18666,74,DTR_523277_10,-,190,0.07,13.4,0.1,2,3,0.0086,59,4,0.1,41,72,69,100,51,102,0.91,Carbohydrate-binding module 64
CBM64,PF18666,74,DTR_523277_10,-,190,0.07,13.4,0.1,3,3,0.0013,9.2,6.6,0,32,64,122,154,103,162,0.81,Carbohydrate-binding module 64
N-glycanase_C,PF09113,137,DTR_624524_15,-,829,0.055,13.4,0.6,1,2,0.0026,7.6,6.5,0.1,26,46,197,217,187,227,0.84,"Peptide-N-glycosidase F, C terminal"
N-glycanase_C,PF09113,137,DTR_624524_15,-,829,0.055,13.4,0.6,2,2,0.014,41,4.1,0,10,42,267,296,256,331,0.75,"Peptide-N-glycosidase F, C terminal"
BclA_C,PF18573,128,DTR_718263_12,-,167,6.9e-8,32.6,0.1,1,1,1e-11,1.1e-7,32,0.1,6,111,39,146,34,159,0.87,BclA C-terminal domain
N-glycanase_C,PF09113,137,DTR_857869_15,-,829,0.042,13.8,0.7,1,2,0.0026,7.6,6.5,0.1,26,46,197,217,187,227,0.84,"Peptide-N-glycosidase F, C terminal"
N-glycanase_C,PF09113,137,DTR_857869_15,-,829,0.042,13.8,0.7,2,2,0.01,31,4.5,0.1,10,42,267,296,256,331,0.75,"Peptide-N-glycosidase F, C terminal"
CBM64,PF18666,74,DTR_831389_1,-,190,0.07,13.4,0.1,1,3,1.1,7500,-2.7,0,52,64,8,20,4,25,0.72,Carbohydrate-binding module 64
CBM64,PF18666,74,DTR_831389_1,-,190,0.07,13.4,0.1,2,3,0.0086,59,4,0.1,41,72,69,100,51,102,0.91,Carbohydrate-binding module 64
CBM64,PF18666,74,DTR_831389_1,-,190,0.07,13.4,0.1,3,3,0.0013,9.2,6.6,0,32,64,122,154,103,162,0.81,Carbohydrate-binding module 64
N-glycanase_C,PF09113,137,DTR_805554_3,-,829,0.042,13.8,0.7,1,2,0.0018,7.6,6.5,0.1,26,46,197,217,187,227,0.84,"Peptide-N-glycosidase F, C terminal"
N-glycanase_C,PF09113,137,DTR_805554_3,-,829,0.042,13.8,0.7,2,2,0.0073,31,4.5,0.1,10,42,267,296,256,331,0.75,"Peptide-N-glycosidase F, C terminal"
P2_N,PF18628,127,DTR_037153_11,-,271,5.5e-33,113.7,0,1,2,1.4e-33,7.2e-30,103.6,0,3,126,7,135,5,136,0.95,Viral coat protein P2 N-terminal domain
P2_N,PF18628,127,DTR_037153_11,-,271,5.5e-33,113.7,0,2,2,5.1e-4,2.6,8.1,0,19,66,165,208,153,227,0.82,Viral coat protein P2 N-terminal domain
N-glycanase_C,PF09113,137,DTR_799239_15,-,829,0.077,12.9,0.6,1,2,0.0031,13,5.7,0.1,26,46,197,217,187,226,0.84,"Peptide-N-glycosidase F, C terminal"
N-glycanase_C,PF09113,137,DTR_799239_15,-,829,0.077,12.9,0.6,2,2,0.0073,31,4.5,0.1,10,42,267,296,256,331,0.75,"Peptide-N-glycosidase F, C terminal"
Thioredoxin_10,PF17991,142,DTR_856653_9,-,502,1.2e-4,22.8,0.1,1,2,1e-7,0.0021,18.8,0,56,132,236,311,230,315,0.9,Thioredoxin like C-terminal domain
Thioredoxin_10,PF17991,142,DTR_856653_9,-,502,1.2e-4,22.8,0.1,2,2,0.023,490,1.4,0,43,82,346,382,340,391,0.87,Thioredoxin like C-terminal domain
N-glycanase_C,PF09113,137,DTR_839769_15,-,829,0.042,13.8,0.7,1,2,0.0022,7.6,6.5,0.1,26,46,197,217,187,227,0.84,"Peptide-N-glycosidase F, C terminal"
N-glycanase_C,PF09113,137,DTR_839769_15,-,829,0.042,13.8,0.7,2,2,0.0088,31,4.5,0.1,10,42,267,296,256,331,0.75,"Peptide-N-glycosidase F, C terminal"
Cupin_3,PF05899,74,DTR_304278_10,-,387,0.003,17.4,0.2,1,3,4.3e-4,2.2,8.2,0,28,66,47,82,26,85,0.82,EutQ-like cupin domain
Cupin_3,PF05899,74,DTR_304278_10,-,387,0.003,17.4,0.2,2,3,0.022,110,2.7,0,28,58,79,109,76,117,0.84,EutQ-like cupin domain
Cupin_3,PF05899,74,DTR_304278_10,-,387,0.003,17.4,0.2,3,3,0.01,52,3.8,0,31,56,190,213,187,225,0.83,EutQ-like cupin domain
N-glycanase_C,PF09113,137,DTR_850159_15,-,829,0.042,13.8,0.7,1,2,0.0022,7.6,6.5,0.1,26,46,197,217,187,227,0.84,"Peptide-N-glycosidase F, C terminal"
N-glycanase_C,PF09113,137,DTR_850159_15,-,829,0.042,13.8,0.7,2,2,0.0088,31,4.5,0.1,10,42,267,296,256,331,0.75,"Peptide-N-glycosidase F, C terminal"
zf-ZPR1,PF03367,162,DTR_891680_12,-,108,0.032,14.2,1.1,1,1,3.8e-6,0.039,13.9,1.1,61,114,11,63,2,105,0.71,ZPR1 zinc-finger domain
N-glycanase_C,PF09113,137,DTR_768384_15,-,829,0.054,13.4,0.6,1,2,0.0022,7.6,6.5,0.1,26,46,197,217,187,227,0.84,"Peptide-N-glycosidase F, C terminal"
N-glycanase_C,PF09113,137,DTR_768384_15,-,829,0.054,13.4,0.6,2,2,0.012,41,4.1,0,10,42,267,296,256,331,0.75,"Peptide-N-glycosidase F, C terminal"
BclA_C,PF18573,128,DTR_284463_1,-,366,9.6e-7,28.9,1.1,1,1,2.7e-10,2.8e-6,27.5,1.1,22,72,250,303,232,340,0.79,BclA C-terminal domain
N-glycanase_C,PF09113,137,DTR_716447_15,-,829,0.042,13.8,0.7,1,2,0.0022,7.6,6.5,0.1,26,46,197,217,187,227,0.84,"Peptide-N-glycosidase F, C terminal"
N-glycanase_C,PF09113,137,DTR_716447_15,-,829,0.042,13.8,0.7,2,2,0.0088,31,4.5,0.1,10,42,267,296,256,331,0.75,"Peptide-N-glycosidase F, C terminal"
Thioredoxin_10,PF17991,142,DTR_706297_9,-,508,0.0021,18.8,0,1,2,5.8e-7,0.012,16.3,0,57,132,243,317,236,321,0.89,Thioredoxin like C-terminal domain
Thioredoxin_10,PF17991,142,DTR_706297_9,-,508,0.0021,18.8,0,2,2,0.097,2000,-0.6,0,43,75,352,384,349,395,0.86,Thioredoxin like C-terminal domain
N-glycanase_C,PF09113,137,DTR_842908_3,-,829,0.042,13.8,0.7,1,2,0.0022,7.6,6.5,0.1,26,46,197,217,187,227,0.84,"Peptide-N-glycosidase F, C terminal"
N-glycanase_C,PF09113,137,DTR_842908_3,-,829,0.042,13.8,0.7,2,2,0.0088,31,4.5,0.1,10,42,267,296,256,331,0.75,"Peptide-N-glycosidase F, C terminal"
Thioredoxin_10,PF17991,142,DTR_671853_1,-,390,3.7e-4,21.2,0.1,1,2,4.1e-7,0.0028,18.4,0,56,132,124,199,118,203,0.9,Thioredoxin like C-terminal domain
Thioredoxin_10,PF17991,142,DTR_671853_1,-,390,3.7e-4,21.2,0.1,2,2,0.18,1300,0.1,0,43,82,234,270,228,279,0.86,Thioredoxin like C-terminal domain
Exotox-A_bind,PF09101,274,DTR_511018_2,-,208,0.09,12.3,0,1,1,2.1e-5,0.15,11.6,0,49,85,102,138,91,146,0.91,Exotoxin A binding
N-glycanase_C,PF09113,137,DTR_666077_3,-,829,0.042,13.8,0.7,1,2,0.0018,7.6,6.5,0.1,26,46,197,217,187,227,0.84,"Peptide-N-glycosidase F, C terminal"
N-glycanase_C,PF09113,137,DTR_666077_3,-,829,0.042,13.8,0.7,2,2,0.0073,31,4.5,0.1,10,42,267,296,256,331,0.75,"Peptide-N-glycosidase F, C terminal"
N-glycanase_C,PF09113,137,DTR_830477_15,-,829,0.043,13.7,0.7,1,2,0.0018,7.6,6.5,0.1,26,46,197,217,187,227,0.84,"Peptide-N-glycosidase F, C terminal"
N-glycanase_C,PF09113,137,DTR_830477_15,-,829,0.043,13.7,0.7,2,2,0.0073,31,4.5,0.1,10,42,267,296,256,331,0.75,"Peptide-N-glycosidase F, C terminal"
P2_N,PF18628,127,DTR_641932_4,-,316,0.028,14.5,0.5,1,2,0.02,420,1,0,36,55,53,71,31,79,0.77,Viral coat protein P2 N-terminal domain
P2_N,PF18628,127,DTR_641932_4,-,316,0.028,14.5,0.5,2,2,1.6e-5,0.34,10.9,0.1,13,66,189,245,181,294,0.81,Viral coat protein P2 N-terminal domain
N-glycanase_C,PF09113,137,DTR_099786_15,-,829,0.041,13.8,0.7,1,2,0.0018,7.6,6.5,0.1,26,46,197,217,187,227,0.84,"Peptide-N-glycosidase F, C terminal"
N-glycanase_C,PF09113,137,DTR_099786_15,-,829,0.041,13.8,0.7,2,2,0.0073,31,4.5,0.1,10,42,267,296,256,331,0.75,"Peptide-N-glycosidase F, C terminal"
N-glycanase_C,PF09113,137,DTR_419591_3,-,829,0.042,13.8,0.5,1,2,0.0022,7.6,6.5,0.1,26,46,197,217,187,227,0.84,"Peptide-N-glycosidase F, C terminal"
N-glycanase_C,PF09113,137,DTR_419591_3,-,829,0.042,13.8,0.5,2,2,0.0093,32,4.4,0,10,41,267,295,256,329,0.76,"Peptide-N-glycosidase F, C terminal"
CBM64,PF18666,74,DTR_848055_3,-,190,0.078,13.3,0.1,1,3,1.1,7500,-2.7,0,52,64,8,20,4,25,0.72,Carbohydrate-binding module 64
CBM64,PF18666,74,DTR_848055_3,-,190,0.078,13.3,0.1,2,3,0.0086,59,4,0.1,41,72,69,100,51,102,0.91,Carbohydrate-binding module 64
CBM64,PF18666,74,DTR_848055_3,-,190,0.078,13.3,0.1,3,3,0.0015,10,6.5,0,32,63,122,153,103,162,0.81,Carbohydrate-binding module 64
N-glycanase_C,PF09113,137,DTR_753843_3,-,829,0.045,13.7,0.8,1,2,0.0015,7.6,6.5,0.1,26,46,197,217,187,227,0.84,"Peptide-N-glycosidase F, C terminal"
N-glycanase_C,PF09113,137,DTR_753843_3,-,829,0.045,13.7,0.8,2,2,0.0061,32,4.5,0.1,10,41,267,295,256,331,0.75,"Peptide-N-glycosidase F, C terminal"
N-glycanase_C,PF09113,137,DTR_795921_15,-,829,0.042,13.8,0.7,1,2,0.0022,7.6,6.5,0.1,26,46,197,217,187,227,0.84,"Peptide-N-glycosidase F, C terminal"
N-glycanase_C,PF09113,137,DTR_795921_15,-,829,0.042,13.8,0.7,2,2,0.0088,31,4.5,0.1,10,42,267,296,256,331,0.75,"Peptide-N-glycosidase F, C terminal"
Cucumo_coat,PF00760,175,DTR_713157_23,-,151,0.11,12.2,0.1,1,1,3.3e-5,0.14,12,0.1,4,85,20,102,17,125,0.81,Cucumovirus coat protein
N-glycanase_C,PF09113,137,DTR_844759_15,-,829,0.041,13.8,0.6,1,2,0.0018,7.5,6.5,0.1,26,46,197,217,186,227,0.84,"Peptide-N-glycosidase F, C terminal"
N-glycanase_C,PF09113,137,DTR_844759_15,-,829,0.041,13.8,0.6,2,2,0.0073,31,4.5,0.1,10,42,267,296,256,331,0.75,"Peptide-N-glycosidase F, C terminal"
YpM,PF09144,117,DTR_719397_3,-,184,0.17,12.3,0.4,1,1,6.8e-5,0.35,11.2,0.2,37,79,101,143,94,153,0.86,Yersinia pseudo-tuberculosis mitogen
Cucumo_coat,PF00760,175,DTR_773801_3,-,156,0.087,12.6,0.1,1,1,2.5e-5,0.11,12.3,0.1,4,85,25,107,22,130,0.81,Cucumovirus coat protein
Polysacc_lyase,PF14099,211,DTR_316112_20,-,284,0.014,15.4,0.3,1,1,2e-6,0.021,14.9,0.3,127,196,142,207,89,232,0.8,Polysaccharide lyase
N-glycanase_C,PF09113,137,DTR_750260_15,-,829,0.042,13.8,0.7,1,2,0.0022,7.6,6.5,0.1,26,46,197,217,187,227,0.84,"Peptide-N-glycosidase F, C terminal"
N-glycanase_C,PF09113,137,DTR_750260_15,-,829,0.042,13.8,0.7,2,2,0.0088,31,4.5,0.1,10,42,267,296,256,331,0.75,"Peptide-N-glycosidase F, C terminal"
CBM64,PF18666,74,DTR_820634_9,-,190,0.07,13.4,0.1,1,3,1.1,7500,-2.7,0,52,64,8,20,4,25,0.72,Carbohydrate-binding module 64
CBM64,PF18666,74,DTR_820634_9,-,190,0.07,13.4,0.1,2,3,0.0086,59,4,0.1,41,72,69,100,51,102,0.91,Carbohydrate-binding module 64
CBM64,PF18666,74,DTR_820634_9,-,190,0.07,13.4,0.1,3,3,0.0013,9.2,6.6,0,32,64,122,154,103,162,0.81,Carbohydrate-binding module 64
P2_N,PF18628,127,DTR_265747_16,-,271,1.0999999999999999e-33,116,0,1,2,9.999999999999999e-34,6.9e-30,103.7,0,3,126,7,135,5,136,0.95,Viral coat protein P2 N-terminal domain
P2_N,PF18628,127,DTR_265747_16,-,271,1.0999999999999999e-33,116,0,2,2,7.6e-5,0.53,10.3,0,19,66,165,208,153,227,0.83,Viral coat protein P2 N-terminal domain
Polysacc_lyase,PF14099,211,DTR_110264_7,-,705,3.5e-4,20.7,0.5,1,2,0.65,3400,-2.1,0,131,149,143,161,113,189,0.77,Polysaccharide lyase
Polysacc_lyase,PF14099,211,DTR_110264_7,-,705,3.5e-4,20.7,0.5,2,2,1.9e-7,9.8e-4,19.2,0.1,84,176,466,576,436,589,0.81,Polysaccharide lyase
Toxin_R_bind_N,PF07953,195,DTR_889812_10,-,409,0.051,13.5,0.9,1,1,5.6e-5,0.59,10,0.9,41,154,187,293,164,302,0.65,"Clostridium neurotoxin, N-terminal receptor binding"
N-glycanase_C,PF09113,137,DTR_101886_3,-,829,0.042,13.8,0.7,1,2,0.0022,7.6,6.5,0.1,26,46,197,217,187,227,0.84,"Peptide-N-glycosidase F, C terminal"
N-glycanase_C,PF09113,137,DTR_101886_3,-,829,0.042,13.8,0.7,2,2,0.0088,31,4.5,0.1,10,42,267,296,256,331,0.75,"Peptide-N-glycosidase F, C terminal"
N-glycanase_C,PF09113,137,DTR_737425_3,-,829,0.057,13.4,0.6,1,2,0.0022,7.6,6.5,0.1,26,46,197,217,187,227,0.84,"Peptide-N-glycosidase F, C terminal"
N-glycanase_C,PF09113,137,DTR_737425_3,-,829,0.057,13.4,0.6,2,2,0.012,41,4.1,0,10,42,267,296,256,331,0.75,"Peptide-N-glycosidase F, C terminal"
Capsid_N,PF16903,207,DTR_280192_21,-,522,0.057,13.2,0,1,1,3.3e-5,0.69,9.6,0,74,113,99,135,78,260,0.73,Major capsid protein N-terminus
P2_N,PF18628,127,DTR_038017_4,-,274,7.8e-24,84.1,0.6,1,2,2e-23,4.1e-19,68.9,0,5,124,9,137,6,142,0.81,Viral coat protein P2 N-terminal domain
P2_N,PF18628,127,DTR_038017_4,-,274,7.8e-24,84.1,0.6,2,2,3.3e-6,0.069,13.2,0.1,7,66,159,214,155,268,0.78,Viral coat protein P2 N-terminal domain
Pro_3_hydrox_C,PF05373,101,DTR_486120_8,-,108,0.055,13.9,0.2,1,1,8.2e-6,0.085,13.3,0.2,64,99,63,99,56,101,0.84,"L-proline 3-hydroxylase, C-terminal"
P2_N,PF18628,127,DTR_265531_1,-,104,0.16,12,0,1,1,2.4e-5,0.24,11.4,0,28,66,8,41,1,60,0.83,Viral coat protein P2 N-terminal domain
P2_N,PF18628,127,DTR_265531_25,-,209,7.2e-34,116.6,0.1,1,2,3.3000000000000003e-34,3.4e-30,104.7,0,3,126,7,135,5,136,0.95,Viral coat protein P2 N-terminal domain
P2_N,PF18628,127,DTR_265531_25,-,209,7.2e-34,116.6,0.1,2,2,5.7e-5,0.59,10.2,0,19,66,165,208,153,209,0.83,Viral coat protein P2 N-terminal domain
BclA_C,PF18573,128,DTR_073931_23,-,476,0.0064,16.6,7.2,1,1,2.7e-6,0.019,15.1,7.2,4,68,340,405,337,472,0.66,BclA C-terminal domain
CBM64,PF18666,74,DTR_827411_2,-,190,0.078,13.3,0.1,1,3,1.1,7500,-2.7,0,52,64,8,20,4,25,0.72,Carbohydrate-binding module 64
CBM64,PF18666,74,DTR_827411_2,-,190,0.078,13.3,0.1,2,3,0.0086,59,4,0.1,41,72,69,100,51,102,0.91,Carbohydrate-binding module 64
CBM64,PF18666,74,DTR_827411_2,-,190,0.078,13.3,0.1,3,3,0.0015,10,6.5,0,32,63,122,153,103,162,0.81,Carbohydrate-binding module 64
Thioredoxin_10,PF17991,142,DTR_501585_21,-,511,0.0013,19.5,0.1,1,2,3e-7,0.0063,17.3,0,57,132,246,320,240,324,0.89,Thioredoxin like C-terminal domain
Thioredoxin_10,PF17991,142,DTR_501585_21,-,511,0.0013,19.5,0.1,2,2,0.13,2800,-1,0,43,75,355,387,352,398,0.85,Thioredoxin like C-terminal domain
CBM64,PF18666,74,DTR_819528_8,-,190,0.07,13.4,0.1,1,3,1.1,7500,-2.7,0,52,64,8,20,4,25,0.72,Carbohydrate-binding module 64
CBM64,PF18666,74,DTR_819528_8,-,190,0.07,13.4,0.1,2,3,0.0086,59,4,0.1,41,72,69,100,51,102,0.91,Carbohydrate-binding module 64
CBM64,PF18666,74,DTR_819528_8,-,190,0.07,13.4,0.1,3,3,0.0013,9.2,6.6,0,32,64,122,154,103,162,0.81,Carbohydrate-binding module 64
HgmA_N,PF20510,273,DTR_410288_14,-,143,5e-4,19.7,0,1,1,9.5e-8,6.6e-4,19.3,0,49,129,4,82,2,92,0.89,"Homogentisate 1,2-dioxygenase N-terminal"
N-glycanase_C,PF09113,137,DTR_821323_15,-,829,0.048,13.6,0.5,1,2,0.0043,13,5.7,0.1,26,46,197,217,187,227,0.84,"Peptide-N-glycosidase F, C terminal"
N-glycanase_C,PF09113,137,DTR_821323_15,-,829,0.048,13.6,0.5,2,2,0.0074,22,5,0,10,42,267,296,256,330,0.75,"Peptide-N-glycosidase F, C terminal"
Cupin_3,PF05899,74,DTR_009823_2,-,175,0.11,12.3,0.2,1,2,0.95,2000,-1.2,0,33,57,49,72,47,75,0.74,EutQ-like cupin domain
Cupin_3,PF05899,74,DTR_009823_2,-,175,0.11,12.3,0.2,2,2,1.9e-4,0.39,10.6,0,32,54,90,112,76,124,0.86,EutQ-like cupin domain
P2_N,PF18628,127,DTR_265977_7,-,271,5.5e-33,113.7,0,1,2,1.4e-33,7.2e-30,103.6,0,3,126,7,135,5,136,0.95,Viral coat protein P2 N-terminal domain
P2_N,PF18628,127,DTR_265977_7,-,271,5.5e-33,113.7,0,2,2,5.1e-4,2.6,8.1,0,19,66,165,208,153,227,0.82,Viral coat protein P2 N-terminal domain
N-glycanase_C,PF09113,137,DTR_431692_3,-,829,0.042,13.8,0.7,1,2,0.0018,7.6,6.5,0.1,26,46,197,217,187,227,0.84,"Peptide-N-glycosidase F, C terminal"
N-glycanase_C,PF09113,137,DTR_431692_3,-,829,0.042,13.8,0.7,2,2,0.0073,31,4.5,0.1,10,42,267,296,256,331,0.75,"Peptide-N-glycosidase F, C terminal"
Lyase_N,PF09092,166,DTR_831713_9,-,107,0.094,12.7,0,1,1,4.7e-6,0.099,12.7,0,6,80,8,83,3,104,0.78,"Lyase, N terminal"
Thioredoxin_10,PF17991,142,DTR_831713_19,-,508,7.3e-4,20.3,0.1,1,2,6.9e-7,0.014,16.1,0,58,132,244,317,237,321,0.88,Thioredoxin like C-terminal domain
Thioredoxin_10,PF17991,142,DTR_831713_19,-,508,7.3e-4,20.3,0.1,2,2,0.021,440,1.6,0,43,82,352,388,342,396,0.87,Thioredoxin like C-terminal domain
CspB_prodomain,PF18425,89,DTR_345868_1,-,847,0.034,14.3,0.6,1,2,0.0013,7,6.9,0.1,71,89,245,263,243,263,0.9,Csp protease B prodomain
CspB_prodomain,PF18425,89,DTR_345868_1,-,847,0.034,14.3,0.6,2,2,0.0058,30,4.9,0,16,60,437,480,430,498,0.8,Csp protease B prodomain
DUF4465,PF14717,176,DTR_047208_9,-,76,0.0072,17,0,1,1,8e-7,0.0083,16.8,0,117,148,39,68,26,70,0.86,Domain of unknown function (DUF4465)
Enas,PF13157,112,DTR_628537_2,-,114,0.14,12.5,0,1,1,1e-5,0.21,11.8,0,9,32,14,37,6,51,0.83,Endospore appendages
N-glycanase_C,PF09113,137,DTR_372541_15,-,829,0.042,13.8,0.7,1,2,0.0022,7.6,6.5,0.1,26,46,197,217,187,227,0.84,"Peptide-N-glycosidase F, C terminal"
N-glycanase_C,PF09113,137,DTR_372541_15,-,829,0.042,13.8,0.7,2,2,0.0088,31,4.5,0.1,10,42,267,296,256,331,0.75,"Peptide-N-glycosidase F, C terminal"
Collagen_bind,PF05737,131,DTR_527788_9,-,290,0.029,14.8,0.2,1,1,2.2e-5,0.056,13.8,0.2,29,69,160,200,158,222,0.8,Collagen binding domain
PirA-like,PF21510,95,DTR_076975_20,-,135,0.096,13.3,0,1,1,1.4e-5,0.15,12.7,0,45,91,57,104,39,108,0.84,PirA-like
Thioredoxin_10,PF17991,142,DTR_790829_9,-,500,0.048,14.4,0,1,2,2.8e-5,0.29,11.9,0,57,132,246,320,238,324,0.89,Thioredoxin like C-terminal domain
Thioredoxin_10,PF17991,142,DTR_790829_9,-,500,0.048,14.4,0,2,2,0.17,1800,-0.4,0,43,82,355,391,349,399,0.86,Thioredoxin like C-terminal domain
Lyase_N,PF09092,166,DTR_790829_24,-,107,0.094,12.7,0,1,1,4.7e-6,0.099,12.7,0,6,80,8,83,3,104,0.78,"Lyase, N terminal"
N-glycanase_C,PF09113,137,DTR_103100_3,-,829,0.043,13.7,0.7,1,2,0.0018,7.6,6.5,0.1,26,46,197,217,187,227,0.84,"Peptide-N-glycosidase F, C terminal"
N-glycanase_C,PF09113,137,DTR_103100_3,-,829,0.043,13.7,0.7,2,2,0.0073,31,4.5,0.1,10,42,267,296,256,331,0.75,"Peptide-N-glycosidase F, C terminal"
N-glycanase_C,PF09113,137,DTR_682166_13,-,829,0.041,13.8,0.7,1,2,0.0022,7.6,6.5,0.1,26,46,197,217,187,227,0.84,"Peptide-N-glycosidase F, C terminal"
N-glycanase_C,PF09113,137,DTR_682166_13,-,829,0.041,13.8,0.7,2,2,0.0088,31,4.5,0.1,10,42,267,296,256,331,0.75,"Peptide-N-glycosidase F, C terminal"
CBM64,PF18666,74,DTR_560002_2,-,190,0.1,12.9,0.2,1,2,0.0086,59,4,0.1,41,72,69,100,51,102,0.91,Carbohydrate-binding module 64
CBM64,PF18666,74,DTR_560002_2,-,190,0.1,12.9,0.2,2,2,0.0013,9.2,6.6,0,32,64,122,154,103,162,0.81,Carbohydrate-binding module 64
BclA_C,PF18573,128,DTR_551916_17,-,247,0.029,14.4,1,1,2,0.43,2200,-1.3,0.1,16,46,86,118,73,128,0.57,BclA C-terminal domain
BclA_C,PF18573,128,DTR_551916_17,-,247,0.029,14.4,1,2,2,1.6e-5,0.081,13,0.1,22,55,212,244,195,245,0.77,BclA C-terminal domain
N-glycanase_C,PF09113,137,DTR_758169_15,-,829,0.042,13.8,0.7,1,2,0.0022,7.6,6.5,0.1,26,46,197,217,187,227,0.84,"Peptide-N-glycosidase F, C terminal"
N-glycanase_C,PF09113,137,DTR_758169_15,-,829,0.042,13.8,0.7,2,2,0.0088,31,4.5,0.1,10,42,267,296,256,331,0.75,"Peptide-N-glycosidase F, C terminal"
BclA_C,PF18573,128,DTR_364427_5,-,379,1e-6,28.8,1.1,1,1,2.8e-10,2.9e-6,27.4,1.1,22,72,263,316,245,353,0.79,BclA C-terminal domain
CBM64,PF18666,74,DTR_825214_9,-,190,0.07,13.4,0.1,1,3,1.1,7500,-2.7,0,52,64,8,20,4,25,0.72,Carbohydrate-binding module 64
CBM64,PF18666,74,DTR_825214_9,-,190,0.07,13.4,0.1,2,3,0.0086,59,4,0.1,41,72,69,100,51,102,0.91,Carbohydrate-binding module 64
CBM64,PF18666,74,DTR_825214_9,-,190,0.07,13.4,0.1,3,3,0.0013,9.2,6.6,0,32,64,122,154,103,162,0.81,Carbohydrate-binding module 64
N-glycanase_C,PF09113,137,DTR_415277_3,-,829,0.042,13.8,0.7,1,2,0.0022,7.6,6.5,0.1,26,46,197,217,187,227,0.84,"Peptide-N-glycosidase F, C terminal"
N-glycanase_C,PF09113,137,DTR_415277_3,-,829,0.042,13.8,0.7,2,2,0.0088,31,4.5,0.1,10,42,267,296,256,331,0.75,"Peptide-N-glycosidase F, C terminal"
N-glycanase_C,PF09113,137,DTR_625419_3,-,829,0.043,13.8,0.7,1,2,0.0018,7.6,6.5,0.1,26,46,197,217,187,227,0.84,"Peptide-N-glycosidase F, C terminal"
N-glycanase_C,PF09113,137,DTR_625419_3,-,829,0.043,13.8,0.7,2,2,0.0073,31,4.5,0.1,10,42,267,296,256,331,0.75,"Peptide-N-glycosidase F, C terminal"
Phage_Capsid_P3,PF09018,394,DTR_295953_8,-,402,0.019,14,2.2,1,1,1.8e-6,0.037,13,2.2,145,209,160,224,153,235,0.91,P3 major capsid protein
Toxin_R_bind_N,PF07953,195,DTR_183901_12,-,333,0.061,13.2,0.7,1,2,0.043,230,1.6,0,53,70,63,80,52,87,0.79,"Clostridium neurotoxin, N-terminal receptor binding"
Toxin_R_bind_N,PF07953,195,DTR_183901_12,-,333,0.061,13.2,0.7,2,2,1.4e-4,0.74,9.7,0.1,101,153,95,155,90,162,0.67,"Clostridium neurotoxin, N-terminal receptor binding"
N-glycanase_C,PF09113,137,DTR_840322_15,-,829,0.044,13.7,0.7,1,2,0.0022,7.6,6.5,0.1,26,46,197,217,187,227,0.84,"Peptide-N-glycosidase F, C terminal"
N-glycanase_C,PF09113,137,DTR_840322_15,-,829,0.044,13.7,0.7,2,2,0.0088,31,4.5,0.1,10,42,267,296,256,331,0.75,"Peptide-N-glycosidase F, C terminal"
N-glycanase_C,PF09113,137,DTR_830117_15,-,829,0.044,13.7,0.7,1,2,0.0022,7.6,6.5,0.1,26,46,197,217,187,227,0.84,"Peptide-N-glycosidase F, C terminal"
N-glycanase_C,PF09113,137,DTR_830117_15,-,829,0.044,13.7,0.7,2,2,0.0088,31,4.5,0.1,10,42,267,296,256,331,0.75,"Peptide-N-glycosidase F, C terminal"
N-glycanase_C,PF09113,137,DTR_861772_15,-,829,0.04,13.8,0.7,1,2,0.0018,7.6,6.5,0.1,26,46,197,217,187,227,0.84,"Peptide-N-glycosidase F, C terminal"
N-glycanase_C,PF09113,137,DTR_861772_15,-,829,0.04,13.8,0.7,2,2,0.0073,31,4.5,0.1,10,42,267,296,256,331,0.75,"Peptide-N-glycosidase F, C terminal"
N-glycanase_C,PF09113,137,DTR_794932_15,-,829,0.042,13.8,0.7,1,2,0.0018,7.6,6.5,0.1,26,46,197,217,187,227,0.84,"Peptide-N-glycosidase F, C terminal"
N-glycanase_C,PF09113,137,DTR_794932_15,-,829,0.042,13.8,0.7,2,2,0.0073,31,4.5,0.1,10,42,267,296,256,331,0.75,"Peptide-N-glycosidase F, C terminal"
BclA_C,PF18573,128,DTR_285921_6,-,379,1e-6,28.8,1.1,1,1,2.8e-10,2.9e-6,27.4,1.1,22,72,263,316,245,353,0.79,BclA C-terminal domain
N-glycanase_C,PF09113,137,DTR_835211_3,-,829,0.041,13.8,0.7,1,2,0.0015,7.6,6.5,0.1,26,46,197,217,187,227,0.84,"Peptide-N-glycosidase F, C terminal"
N-glycanase_C,PF09113,137,DTR_835211_3,-,829,0.041,13.8,0.7,2,2,0.0059,31,4.5,0.1,10,42,267,296,256,331,0.75,"Peptide-N-glycosidase F, C terminal"
Cupin_3,PF05899,74,DTR_315534_32,-,126,0.041,13.8,0.1,1,2,5.9e-5,0.61,10,0,26,62,5,41,1,57,0.86,EutQ-like cupin domain
Cupin_3,PF05899,74,DTR_315534_32,-,126,0.041,13.8,0.1,2,2,0.022,230,1.8,0,29,41,110,122,83,123,0.72,EutQ-like cupin domain
N-glycanase_C,PF09113,137,DTR_787647_15,-,829,0.042,13.8,0.7,1,2,0.0022,7.6,6.5,0.1,26,46,197,217,187,227,0.84,"Peptide-N-glycosidase F, C terminal"
N-glycanase_C,PF09113,137,DTR_787647_15,-,829,0.042,13.8,0.7,2,2,0.0088,31,4.5,0.1,10,42,267,296,256,331,0.75,"Peptide-N-glycosidase F, C terminal"
P2_N,PF18628,127,DTR_265484_3,-,272,1.1e-26,93.3,0.2,1,2,1.5e-28,3.0999999999999997e-24,85.4,0,4,127,8,136,5,136,0.95,Viral coat protein P2 N-terminal domain
P2_N,PF18628,127,DTR_265484_3,-,272,1.1e-26,93.3,0.2,2,2,5.1e-4,11,6.1,0,22,64,169,206,149,227,0.84,Viral coat protein P2 N-terminal domain
N-glycanase_C,PF09113,137,DTR_835502_15,-,829,0.04,13.9,0.6,1,2,0.0018,7.6,6.5,0.1,26,46,197,217,187,227,0.84,"Peptide-N-glycosidase F, C terminal"
N-glycanase_C,PF09113,137,DTR_835502_15,-,829,0.04,13.9,0.6,2,2,0.0075,31,4.5,0,10,42,267,296,256,330,0.75,"Peptide-N-glycosidase F, C terminal"
Polysacc_lyase-like,PF21340,209,DTR_208283_16,-,680,0.018,14.8,1.4,1,2,3.2e-6,0.067,12.9,0.4,18,91,34,106,24,114,0.82,"Cip1-like, core domain"
Polysacc_lyase-like,PF21340,209,DTR_208283_16,-,680,0.018,14.8,1.4,2,2,0.034,710,-0.2,0,35,56,518,539,513,569,0.83,"Cip1-like, core domain"
MSP1_barrel,PF21454,112,DTR_008128_2,-,141,0.031,14.6,0,1,1,7.5e-6,0.052,13.9,0,30,61,29,61,24,73,0.84,"Major structural protein 1, jelly-roll domain"
Thioredoxin_10,PF17991,142,DTR_482508_1,-,390,3.7e-4,21.2,0.1,1,2,4.1e-7,0.0028,18.4,0,56,132,124,199,118,203,0.9,Thioredoxin like C-terminal domain
Thioredoxin_10,PF17991,142,DTR_482508_1,-,390,3.7e-4,21.2,0.1,2,2,0.18,1300,0.1,0,43,82,234,270,228,279,0.86,Thioredoxin like C-terminal domain
P2_N,PF18628,127,DTR_036784_20,-,272,4.9000000000000005e-27,94.5,0.1,1,2,9.7e-29,2e-24,86,0,4,127,8,136,5,136,0.95,Viral coat protein P2 N-terminal domain
P2_N,PF18628,127,DTR_036784_20,-,272,4.9000000000000005e-27,94.5,0.1,2,2,3.8e-4,8,6.5,0,22,64,169,206,149,227,0.85,Viral coat protein P2 N-terminal domain
Thioredoxin_10,PF17991,142,DTR_719345_24,-,502,0.0018,19,0,1,2,9.5e-7,0.0098,16.6,0,56,132,236,311,230,315,0.9,Thioredoxin like C-terminal domain
Thioredoxin_10,PF17991,142,DTR_719345_24,-,502,0.0018,19,0,2,2,0.21,2200,-0.7,0,43,82,346,382,343,390,0.84,Thioredoxin like C-terminal domain
N-glycanase_C,PF09113,137,DTR_833896_3,-,829,0.041,13.8,0.7,1,2,0.0018,7.6,6.5,0.1,26,46,197,217,187,227,0.84,"Peptide-N-glycosidase F, C terminal"
N-glycanase_C,PF09113,137,DTR_833896_3,-,829,0.041,13.8,0.7,2,2,0.0073,31,4.5,0.1,10,42,267,296,256,331,0.75,"Peptide-N-glycosidase F, C terminal"
N-glycanase_C,PF09113,137,DTR_852776_15,-,831,0.043,13.7,0.7,1,2,0.0015,7.7,6.4,0.1,26,46,197,217,187,226,0.84,"Peptide-N-glycosidase F, C terminal"
N-glycanase_C,PF09113,137,DTR_852776_15,-,831,0.043,13.7,0.7,2,2,0.0059,31,4.5,0.1,10,42,267,296,256,331,0.75,"Peptide-N-glycosidase F, C terminal"
Enas,PF13157,112,DTR_047003_2,-,175,0.0041,17.3,0.7,1,2,7.5e-7,0.016,15.5,0.1,70,105,41,75,28,82,0.86,Endospore appendages
Enas,PF13157,112,DTR_047003_2,-,175,0.0041,17.3,0.7,2,2,0.032,670,0.5,0.2,39,59,74,93,67,145,0.67,Endospore appendages
N-glycanase_C,PF09113,137,DTR_827005_3,-,829,0.041,13.8,0.7,1,2,0.0018,7.6,6.5,0.1,26,46,197,217,187,227,0.84,"Peptide-N-glycosidase F, C terminal"
N-glycanase_C,PF09113,137,DTR_827005_3,-,829,0.041,13.8,0.7,2,2,0.0073,31,4.5,0.1,10,42,267,296,256,331,0.75,"Peptide-N-glycosidase F, C terminal"
